-- phpMyAdmin SQL Dump
-- version 3.2.0.1
-- http://www.phpmyadmin.net
--
-- Host: localhost
-- Generation Time: Jul 04, 2021 at 01:24 PM
-- Server version: 5.1.36
-- PHP Version: 5.3.0

SET SQL_MODE="NO_AUTO_VALUE_ON_ZERO";


/*!40101 SET @OLD_CHARACTER_SET_CLIENT=@@CHARACTER_SET_CLIENT */;
/*!40101 SET @OLD_CHARACTER_SET_RESULTS=@@CHARACTER_SET_RESULTS */;
/*!40101 SET @OLD_COLLATION_CONNECTION=@@COLLATION_CONNECTION */;
/*!40101 SET NAMES utf8 */;

--
-- Database: `webspider_db`
--
CREATE DATABASE `webspider_db1` DEFAULT CHARACTER SET latin1 COLLATE latin1_swedish_ci;
USE `webspider_db1`;

-- --------------------------------------------------------

--
-- Table structure for table `clusters`
--

CREATE TABLE IF NOT EXISTS `clusters` (
  `clusterNr` int(11) NOT NULL,
  `clusterDesc` varchar(200) NOT NULL,
  PRIMARY KEY (`clusterNr`)
) ENGINE=InnoDB DEFAULT CHARSET=latin1;

--
-- Dumping data for table `clusters`
--

INSERT INTO `clusters` (`clusterNr`, `clusterDesc`) VALUES
(0, ''),
(1, ''),
(2, ''),
(3, ''),
(4, '');

-- --------------------------------------------------------

--
-- Table structure for table `keywords`
--

CREATE TABLE IF NOT EXISTS `keywords` (
  `keyword` varchar(50) NOT NULL,
  `webURL` varchar(200) NOT NULL,
  `freqOfWord` int(11) NOT NULL,
  `clusterNr` int(11) NOT NULL,
  PRIMARY KEY (`keyword`,`webURL`),
  KEY `keyword` (`keyword`),
  KEY `webURL` (`webURL`)
) ENGINE=InnoDB DEFAULT CHARSET=latin1;

--
-- Dumping data for table `keywords`
--

INSERT INTO `keywords` (`keyword`, `webURL`, `freqOfWord`, `clusterNr`) VALUES
('abraham', 'http://localhost/test2/index.htm', 1, 2),
('absolut', 'http://localhost/test3/clustering.htm', 1, 2),
('absolut', 'http://www.123greetings.com/stay_in_touch/', 1, 2),
('absolut', 'https://www.iqra.edu.pk', 1, 2),
('ac', 'http://www.w3.org/', 1, 2),
('academ', 'https://www.iqra.edu.pk', 1, 2),
('acc', 'http://qualven.com/wp-includes/js/mediaelement/mediaelement-and-player.min.js?ver=2.22.0', 1, 2),
('acceler', 'http://www.w3.org/', 2, 1),
('accept', 'https://www.w3schools.com/html/default.asp', 1, 2),
('access', 'http://localhost/school/', 2, 1),
('access', 'http://localhost/test3/clustering.htm', 1, 2),
('access', 'http://localhost/test4/contentms.htm', 3, 1),
('access', 'http://search.yahoo.com/mrss/', 1, 2),
('access', 'http://www.w3.org/', 13, 4),
('accid', 'http://localhost/test4/contentms.htm', 3, 1),
('accordion', 'http://qualven.com/wp-includes/js/jquery/ui/accordion.min.js?ver=1.11.4', 1, 2),
('achiev', 'http://localhost/test3/clustering.htm', 1, 2),
('activ', 'http://www.qualven.com', 2, 1),
('activ', 'http://www.w3.org/', 1, 2),
('actor', 'http://search.yahoo.com/mrss/', 1, 2),
('actual', 'http://localhost/test4/contentms.htm', 1, 2),
('ad', 'http://localhost/test1/index.html', 1, 2),
('ad', 'http://localhost/test4/contentms.htm', 9, 4),
('ad', 'http://search.yahoo.com/mrss/', 2, 1),
('ad', 'http://www.123greetings.com/stay_in_touch/', 6, 1),
('ad', 'http://www.w3.org/2000/svg', 2, 1),
('ad', 'https://www.w3schools.com/html/default.asp', 2, 1),
('adam', 'http://localhost/test2/index.htm', 1, 2),
('add', 'http://localhost/test4/contentms.htm', 1, 2),
('add', 'http://www.123greetings.com/rss/daily_rss.xml', 2, 1),
('add', 'http://www.qualven.com', 1, 2),
('add', 'https://www.iqra.edu.pk', 1, 2),
('addit', 'http://search.yahoo.com/mrss/', 5, 1),
('address', 'http://localhost/test2/index.htm', 1, 2),
('address', 'http://localhost/test3/clustering.htm', 1, 2),
('address', 'http://www.w3.org/', 1, 2),
('adequ', 'http://localhost/test3/clustering.htm', 1, 2),
('adheight', 'https://www.w3schools.com/html/default.asp', 2, 1),
('administr', 'http://www.123greetings.com/stay_in_touch/', 1, 2),
('administr', 'https://www.paknokri.com', 2, 1),
('admissino', 'http://localhost/school/', 1, 2),
('adspac', 'https://www.w3schools.com/html/default.asp', 4, 1),
('adult', 'http://search.yahoo.com/mrss/', 1, 2),
('advanc', 'http://www.123greetings.com/stay_in_touch/', 1, 2),
('advanc', 'http://www.qualven.com', 4, 1),
('afir', 'https://www.iqra.edu.pk', 1, 2),
('agent', 'http://www.w3.org/', 1, 2),
('aggreg', 'http://search.yahoo.com/mrss/', 1, 2),
('agnost', 'http://localhost/test2/index.htm', 1, 2),
('ago', 'http://localhost/test4/contentms.htm', 1, 2),
('agre', 'http://www.w3.org/', 1, 2),
('agre', 'https://www.w3schools.com/html/default.asp', 1, 2),
('agreement', 'http://qualven.com/wp-content/themes/startit/assets/js/scrolltoplugin.min.js?ver=4.8.17', 1, 2),
('ahead', 'http://www.123greetings.com/rss/daily_rss.xml', 2, 1),
('ahead', 'http://www.123greetings.com/rss/new_rss.xml', 2, 1),
('ai', 'https://www.w3schools.com/html/default.asp', 1, 2),
('aid', 'http://www.w3.org/', 1, 2),
('aim', 'http://localhost/test3/clustering.htm', 1, 2),
('airplan', 'http://www.123greetings.com/rss/newsletterrss.xml', 4, 1),
('ajaxsuccess', 'http://qualven.com/wp-content/plugins/contact-form-7/includes/js/scripts.js?ver=5.0.2', 1, 2),
('alert', 'http://www.qualven.com', 1, 2),
('algorithm', 'http://localhost/test3/clustering.htm', 10, 4),
('algorithm', 'http://search.yahoo.com/mrss/', 1, 2),
('align', 'http://www.w3.org/', 1, 2),
('allah', 'http://localhost/test2/index.htm', 3, 1),
('allowfullscreen', 'https://www.iqra.edu.pk', 1, 2),
('alpha', 'http://localhost/test4/contentms.htm', 3, 1),
('altern', 'http://search.yahoo.com/mrss/', 1, 2),
('ambigu', 'http://search.yahoo.com/mrss/', 1, 2),
('american', 'http://www.123greetings.com/rss/newsletterrss.xml', 2, 1),
('analys', 'http://www.qualven.com', 1, 2),
('analyt', 'https://www.iqra.edu.pk', 1, 2),
('anchor', 'http://search.yahoo.com/mrss/', 1, 2),
('andi', 'http://search.yahoo.com/mrss/', 1, 2),
('andrea', 'http://search.yahoo.com/mrss/', 1, 2),
('angel', 'http://localhost/test2/index.htm', 2, 1),
('angular', 'https://www.w3schools.com/html/default.asp', 1, 2),
('anim', 'http://localhost/test3/clustering.htm', 1, 2),
('anim', 'http://www.123greetings.com/rss/new_rss.xml', 4, 1),
('anniversari', 'http://www.w3.org/', 1, 2),
('announc', 'http://localhost/test2/index.htm', 1, 2),
('announc', 'http://www.qualven.com', 1, 2),
('announc', 'http://www.w3.org/', 1, 2),
('annual', 'http://localhost/test2/index.htm', 1, 2),
('answer', 'https://www.w3schools.com/html/default.asp', 1, 2),
('antiqua', 'http://localhost/test2/index.htm', 1, 2),
('api', 'http://qualven.com/wp-includes/js/mediaelement/mediaelement-and-player.min.js?ver=2.22.0', 1, 2),
('api', 'http://www.qualven.com', 1, 2),
('api', 'http://www.w3.org/', 3, 1),
('apostl', 'http://localhost/test2/index.htm', 1, 2),
('app', 'http://localhost/test4/contentms.htm', 1, 2),
('appear', 'http://localhost/test4/contentms.htm', 1, 2),
('appear', 'http://search.yahoo.com/mrss/', 2, 1),
('appear', 'http://www.w3.org/', 1, 2),
('appli', 'http://localhost/test3/clustering.htm', 1, 2),
('appli', 'http://search.yahoo.com/mrss/', 2, 1),
('appli', 'https://www.paknokri.com', 2, 1),
('applic', 'http://localhost/test3/clustering.htm', 1, 2),
('applic', 'http://localhost/test4/contentms.htm', 3, 1),
('applic', 'http://www.w3.org/', 6, 1),
('applic', 'https://www.paknokri.com', 2, 1),
('appreci', 'http://www.123greetings.com/stay_in_touch/', 2, 1),
('apprendimento', 'http://localhost/test3/clustering.htm', 1, 2),
('approach', 'http://localhost/test4/contentms.htm', 1, 2),
('approach', 'http://www.123greetings.com/rss/newsletterrss.xml', 2, 1),
('approach', 'http://www.w3.org/', 4, 1),
('approv', 'http://localhost/test4/contentms.htm', 1, 2),
('apr', 'http://localhost/test4/contentms.htm', 2, 1),
('apr', 'http://search.yahoo.com/mrss/', 1, 2),
('apr', 'http://www.123greetings.com/rss/daily_rss.xml', 6, 1),
('apr', 'http://www.123greetings.com/rss/new_rss.xml', 6, 1),
('apr', 'http://www.123greetings.com/stay_in_touch/', 2, 1),
('april', 'http://www.w3.org/', 9, 4),
('arabia', 'http://localhost/test2/index.htm', 1, 2),
('arbitrari', 'http://localhost/test3/clustering.htm', 2, 1),
('architectur', 'http://www.w3.org/', 3, 1),
('archiv', 'http://localhost/test4/contentms.htm', 1, 2),
('area', 'http://www.qualven.com', 1, 2),
('arial', 'http://localhost/test2/index.htm', 3, 1),
('arial', 'http://localhost/test4/contentms.htm', 14, 4),
('aris', 'http://localhost/test3/clustering.htm', 1, 2),
('arrang', 'http://search.yahoo.com/mrss/', 1, 2),
('arrow', 'http://www.qualven.com', 6, 1),
('arrow', 'https://www.paknokri.com', 1, 2),
('art', 'http://www.123greetings.com/rss/newsletterrss.xml', 2, 1),
('articl', 'http://localhost/test2/index.htm', 1, 2),
('articl', 'http://www.qualven.com', 1, 2),
('artifici', 'https://www.iqra.edu.pk', 1, 2),
('asc', 'http://www.qualven.com', 1, 2),
('ask', 'http://localhost/test4/contentms.htm', 3, 1),
('ask', 'http://www.123greetings.com/rss/newsletterrss.xml', 4, 1),
('aspir', 'http://www.123greetings.com/rss/newsletterrss.xml', 2, 1),
('aspir', 'https://www.paknokri.com', 2, 1),
('assembl', 'http://www.123greetings.com/rss/newsletterrss.xml', 2, 1),
('assist', 'http://www.w3.org/', 2, 1),
('assum', 'http://search.yahoo.com/mrss/', 4, 1),
('assur', 'https://www.paknokri.com', 1, 2),
('async', 'https://www.iqra.edu.pk', 3, 1),
('async', 'https://www.w3schools.com/html/default.asp', 1, 2),
('atheist', 'http://localhost/test2/index.htm', 1, 2),
('attach', 'http://qualven.com/wp-includes/js/jquery/jquery-migrate.min.js?ver=1.4.1', 1, 2),
('attempt', 'http://localhost/test4/contentms.htm', 1, 2),
('attempt', 'http://qualven.com/wp-includes/js/jquery/ui/widget.min.js?ver=1.11.4', 1, 2),
('attribut', 'http://search.yahoo.com/mrss/', 26, 4),
('attribut', 'https://www.w3schools.com/html/default.asp', 2, 1),
('audienc', 'http://search.yahoo.com/mrss/', 1, 2),
('audio', 'http://qualven.com/wp-content/plugins/revslider/public/assets/css/settings.css?ver=5.4.3.1', 1, 2),
('audio', 'http://search.yahoo.com/mrss/', 3, 1),
('audio', 'http://www.w3.org/', 2, 1),
('audio', 'https://www.iqra.edu.pk', 1, 2),
('aug', 'http://localhost/test4/contentms.htm', 2, 1),
('aural', 'http://www.w3.org/', 1, 2),
('australia', 'http://search.yahoo.com/mrss/', 1, 2),
('author', 'http://search.yahoo.com/mrss/', 1, 2),
('author', 'http://www.w3.org/', 2, 1),
('auto', 'http://qualven.com/wp-content/themes/startit/assets/css/style_dynamic_responsive.css?ver=1530514059', 2, 1),
('autom', 'http://www.qualven.com', 3, 1),
('averag', 'http://localhost/test3/clustering.htm', 1, 2),
('avoid', 'https://www.w3schools.com/html/default.asp', 1, 2),
('awesom', 'http://qualven.com/wp-content/themes/startit/assets/css/font-awesome/css/font-awesome.min.css?ver=4.8.17', 1, 2),
('awhil', 'http://localhost/test4/contentms.htm', 1, 2),
('babelfish', 'http://localhost/test4/contentms.htm', 1, 2),
('back', 'http://localhost/test4/contentms.htm', 4, 1),
('back', 'http://qualven.com/wp-content/plugins/revslider/public/assets/js/jquery.themepunch.revolution.min.js?ver=5.4.3.1', 1, 2),
('back', 'http://www.123greetings.com/rss/newsletterrss.xml', 8, 4),
('back', 'http://www.qualven.com', 2, 1),
('background', 'http://localhost/test2/index.htm', 1, 2),
('bad', 'http://localhost/test2/index.htm', 1, 2),
('bad', 'http://localhost/test4/contentms.htm', 1, 2),
('band', 'http://search.yahoo.com/mrss/', 1, 2),
('banner', 'https://www.w3schools.com/html/default.asp', 3, 1),
('bar', 'http://www.123greetings.com/stay_in_touch/', 2, 1),
('barex', 'https://www.w3schools.com/html/default.asp', 3, 1),
('bark', 'http://www.123greetings.com/rss/newsletterrss.xml', 2, 1),
('base', 'http://localhost/test3/clustering.htm', 1, 2),
('base', 'http://localhost/test4/contentms.htm', 1, 2),
('base', 'http://search.yahoo.com/mrss/', 4, 1),
('base', 'http://www.qualven.com', 1, 2),
('baselin', 'http://www.w3.org/', 1, 2),
('basic', 'http://www.123greetings.com/rss/newsletterrss.xml', 2, 1),
('beat', 'http://www.123greetings.com/rss/daily_rss.xml', 2, 1),
('beauti', 'http://www.123greetings.com/rss/daily_rss.xml', 2, 1),
('beautifulli', 'http://www.123greetings.com/stay_in_touch/', 4, 1),
('bedroom', 'http://www.123greetings.com/rss/newsletterrss.xml', 2, 1),
('beethoven', 'http://www.123greetings.com/rss/newsletterrss.xml', 10, 4),
('begin', 'http://localhost/test3/clustering.htm', 1, 2),
('begin', 'http://www.123greetings.com/stay_in_touch/', 3, 1),
('begin', 'https://www.w3schools.com/html/default.asp', 1, 2),
('behavior', 'http://localhost/test3/clustering.htm', 1, 2),
('belgian', 'http://www.123greetings.com/stay_in_touch/', 1, 2),
('belief', 'http://localhost/test2/index.htm', 1, 2),
('believ', 'http://localhost/test2/index.htm', 1, 2),
('believ', 'http://search.yahoo.com/mrss/', 1, 2),
('belong', 'http://localhost/test2/index.htm', 1, 2),
('belong', 'http://localhost/test3/clustering.htm', 6, 1),
('benefit', 'http://search.yahoo.com/mrss/', 1, 2),
('bernhard', 'http://localhost/test4/contentms.htm', 2, 1),
('bhangra', 'http://www.123greetings.com/rss/daily_rss.xml', 2, 1),
('big', 'http://search.yahoo.com/mrss/', 1, 2),
('big', 'http://www.123greetings.com/rss/daily_rss.xml', 2, 1),
('big', 'http://www.123greetings.com/rss/newsletterrss.xml', 6, 1),
('big', 'http://www.qualven.com', 3, 1),
('bill', 'http://search.yahoo.com/mrss/', 1, 2),
('billion', 'http://localhost/test2/index.htm', 1, 2),
('binari', 'http://search.yahoo.com/mrss/', 2, 1),
('biographi', 'http://localhost/test2/index.htm', 1, 2),
('birthdai', 'http://www.123greetings.com/rss/newsletterrss.xml', 5, 1),
('birthdai', 'http://www.123greetings.com/rss/new_rss.xml', 1, 2),
('bit', 'http://www.123greetings.com/rss/newsletterrss.xml', 6, 1),
('bit', 'http://www.123greetings.com/stay_in_touch/', 2, 1),
('bitrat', 'http://search.yahoo.com/mrss/', 1, 2),
('bizarr', 'http://search.yahoo.com/mrss/', 1, 2),
('black', 'https://www.w3schools.com/html/default.asp', 1, 2),
('blank', 'http://localhost/test4/contentms.htm', 1, 2),
('blank', 'http://www.qualven.com', 10, 4),
('blank', 'https://www.paknokri.com', 1, 2),
('bless', 'http://localhost/test2/index.htm', 2, 1),
('block', 'http://www.123greetings.com/rss/newsletterrss.xml', 2, 1),
('block', 'http://www.123greetings.com/stay_in_touch/', 2, 1),
('block', 'https://www.w3schools.com/html/default.asp', 1, 2),
('blockquot', 'https://www.iqra.edu.pk', 10, 4),
('blog', 'http://search.yahoo.com/mrss/', 1, 2),
('blog', 'http://www.w3.org/', 2, 1),
('blogger', 'http://search.yahoo.com/mrss/', 1, 2),
('blow', 'http://www.123greetings.com/rss/daily_rss.xml', 2, 1),
('blow', 'http://www.qualven.com', 2, 1),
('blue', 'http://www.123greetings.com/rss/daily_rss.xml', 2, 1),
('blurb', 'http://localhost/test4/contentms.htm', 1, 2),
('bmr', 'https://www.w3schools.com/html/default.asp', 1, 2),
('bodi', 'http://qualven.com/wp-content/plugins/js_composer/assets/css/vc_lte_ie9.min.css', 5, 1),
('bodi', 'https://www.iqra.edu.pk', 1, 2),
('bogu', 'http://localhost/test4/contentms.htm', 1, 2),
('bold', 'http://sec.yimg.com/us.yimg.com/lib/s/ysch_adv_041201.css', 1, 2),
('bold', 'http://sec.yimg.com/us.yimg.com/lib/s/ysch_gl_070104.css', 1, 2),
('bond', 'http://www.123greetings.com/rss/new_rss.xml', 2, 1),
('bone', 'http://localhost/test4/contentms.htm', 2, 1),
('book', 'http://localhost/test2/index.htm', 2, 1),
('book', 'http://localhost/test3/clustering.htm', 1, 2),
('book', 'http://www.123greetings.com/rss/newsletterrss.xml', 4, 1),
('bootstrap', 'https://www.paknokri.com', 1, 2),
('bootstrap', 'https://www.w3schools.com/html/default.asp', 3, 1),
('bore', 'http://www.123greetings.com/rss/newsletterrss.xml', 2, 1),
('born', 'http://localhost/test2/index.htm', 1, 2),
('bottom', 'http://qualven.com/wp-content/themes/startit/assets/css/plugins.min.css?ver=4.8.17', 1, 2),
('bottom', 'https://www.iqra.edu.pk', 16, 4),
('bottommediumrectangl', 'https://www.w3schools.com/html/default.asp', 1, 2),
('box', 'http://www.123greetings.com/rss/newsletterrss.xml', 2, 1),
('box', 'https://www.paknokri.com', 2, 1),
('br', 'http://sec.yimg.com/us.yimg.com/lib/s/ysch_adv_041201.css', 2, 1),
('br', 'http://sec.yimg.com/us.yimg.com/lib/s/ysch_gl_070104.css', 1, 2),
('brace', 'http://www.123greetings.com/rss/newsletterrss.xml', 2, 1),
('bradlei', 'http://search.yahoo.com/mrss/', 1, 2),
('branch', 'http://localhost/test4/contentms.htm', 1, 2),
('bribe', 'http://www.123greetings.com/rss/newsletterrss.xml', 2, 1),
('bright', 'http://www.123greetings.com/rss/daily_rss.xml', 2, 1),
('bring', 'http://www.123greetings.com/stay_in_touch/', 2, 1),
('bring', 'https://www.iqra.edu.pk', 1, 2),
('broadcast', 'http://search.yahoo.com/mrss/', 2, 1),
('broken', 'http://www.123greetings.com/rss/newsletterrss.xml', 2, 1),
('brother', 'http://www.123greetings.com/rss/newsletterrss.xml', 7, 1),
('brows', 'http://www.w3.org/', 1, 2),
('browser', 'http://localhost/test4/contentms.htm', 1, 2),
('browser', 'http://qualven.com/wp-includes/js/mediaelement/mediaelement-and-player.min.js?ver=2.22.0', 1, 2),
('browser', 'http://search.yahoo.com/mrss/', 3, 1),
('browser', 'https://www.iqra.edu.pk', 3, 1),
('browser', 'https://www.paknokri.com', 1, 2),
('browser', 'https://www.w3schools.com/html/default.asp', 4, 1),
('bsd', 'http://localhost/test4/contentms.htm', 4, 1),
('buddi', 'http://localhost/test4/contentms.htm', 1, 2),
('buddi', 'http://www.123greetings.com/rss/newsletterrss.xml', 2, 1),
('bug', 'http://www.123greetings.com/rss/newsletterrss.xml', 2, 1),
('bui', 'http://localhost/test3/clustering.htm', 1, 2),
('bui', 'http://www.123greetings.com/rss/newsletterrss.xml', 2, 1),
('bui', 'http://www.123greetings.com/stay_in_touch/', 1, 2),
('build', 'http://localhost/school/', 1, 2),
('build', 'http://www.123greetings.com/rss/newsletterrss.xml', 2, 1),
('build', 'http://www.qualven.com', 1, 2),
('build', 'http://www.w3.org/', 1, 2),
('build', 'https://www.w3schools.com/html/default.asp', 1, 2),
('builder', 'http://www.qualven.com', 1, 2),
('built', 'http://www.qualven.com', 2, 1),
('bunch', 'http://www.qualven.com', 1, 2),
('burger', 'http://www.123greetings.com/rss/newsletterrss.xml', 4, 1),
('busi', 'http://www.123greetings.com/rss/newsletterrss.xml', 2, 1),
('busi', 'http://www.123greetings.com/stay_in_touch/', 1, 2),
('busi', 'http://www.qualven.com', 5, 1),
('busi', 'https://www.iqra.edu.pk', 1, 2),
('bustl', 'http://www.123greetings.com/rss/new_rss.xml', 2, 1),
('button', 'http://qualven.com/wp-includes/js/jquery/jquery-migrate.min.js?ver=1.4.1', 1, 2),
('button', 'https://www.w3schools.com/html/default.asp', 2, 1),
('byte', 'http://search.yahoo.com/mrss/', 1, 2),
('cach', 'http://localhost/test4/contentms.htm', 1, 2),
('call', 'http://localhost/test3/clustering.htm', 1, 2),
('call', 'http://qualven.com/wp-includes/js/jquery/ui/widget.min.js?ver=1.11.4', 2, 1),
('call', 'http://www.123greetings.com/rss/newsletterrss.xml', 4, 1),
('call', 'http://www.w3.org/', 1, 2),
('campus', 'https://www.iqra.edu.pk', 3, 1),
('candi', 'http://www.123greetings.com/stay_in_touch/', 2, 1),
('candid', 'http://www.w3.org/', 2, 1),
('canva', 'https://www.w3schools.com/html/default.asp', 1, 2),
('capabl', 'http://localhost/test4/contentms.htm', 3, 1),
('capabl', 'http://search.yahoo.com/mrss/', 3, 1),
('capabl', 'http://www.qualven.com', 1, 2),
('car', 'http://www.123greetings.com/rss/newsletterrss.xml', 2, 1),
('car', 'http://www.123greetings.com/stay_in_touch/', 2, 1),
('card', 'http://www.123greetings.com/rss/daily_rss.xml', 2, 1),
('card', 'http://www.123greetings.com/rss/new_rss.xml', 5, 1),
('card', 'http://www.123greetings.com/stay_in_touch/', 39, 0),
('care', 'http://www.123greetings.com/rss/newsletterrss.xml', 2, 1),
('career', 'https://www.paknokri.com', 2, 1),
('carri', 'http://www.123greetings.com/rss/new_rss.xml', 2, 1),
('casca', 'http://localhost/test4/contentms.htm', 2, 1),
('case', 'http://localhost/test3/clustering.htm', 9, 4),
('case', 'http://qualven.com/wp-content/plugins/revslider/public/assets/js/jquery.themepunch.revolution.min.js?ver=5.4.3.1', 1, 2),
('case', 'http://www.qualven.com', 2, 1),
('case', 'http://www.w3.org/', 4, 1),
('catalog', 'http://localhost/test4/contentms.htm', 1, 2),
('catalog', 'http://www.w3.org/', 1, 2),
('catch', 'http://www.123greetings.com/rss/new_rss.xml', 2, 1),
('categor', 'http://search.yahoo.com/mrss/', 2, 1),
('categori', 'http://localhost/test3/clustering.htm', 1, 2),
('cater', 'http://www.qualven.com', 1, 2),
('caught', 'http://www.123greetings.com/rss/newsletterrss.xml', 2, 1),
('cc', 'https://www.w3schools.com/html/default.asp', 4, 1),
('cd', 'http://www.123greetings.com/rss/newsletterrss.xml', 6, 1),
('celebr', 'http://www.123greetings.com/rss/daily_rss.xml', 7, 1),
('celebr', 'http://www.123greetings.com/stay_in_touch/', 1, 2),
('celebr', 'http://www.w3.org/', 1, 2),
('center', 'http://qualven.com/wp-content/themes/startit/assets/css/plugins.min.css?ver=4.8.17', 4, 1),
('center', 'http://www.qualven.com', 1, 2),
('center', 'https://www.iqra.edu.pk', 1, 2),
('centr', 'https://www.iqra.edu.pk', 1, 2),
('central', 'http://www.w3.org/', 1, 2),
('ceo', 'http://www.w3.org/', 1, 2),
('cert', 'https://www.w3schools.com/html/default.asp', 1, 2),
('certifi', 'https://www.w3schools.com/html/default.asp', 4, 1),
('cgi', 'http://localhost/test4/contentms.htm', 1, 2),
('chain', 'http://search.yahoo.com/mrss/', 1, 2),
('chanc', 'http://localhost/test4/contentms.htm', 1, 2),
('chang', 'http://localhost/test4/contentms.htm', 4, 1),
('chang', 'http://qualven.com/wp-includes/js/jquery/jquery-migrate.min.js?ver=1.4.1', 1, 2),
('channel', 'http://search.yahoo.com/mrss/', 1, 2),
('chapter', 'http://localhost/test3/clustering.htm', 1, 2),
('charact', 'http://qualven.com/wp-content/plugins/contact-form-7/includes/js/scripts.js?ver=5.0.2', 1, 2),
('charact', 'https://www.w3schools.com/html/default.asp', 2, 1),
('charter', 'http://www.w3.org/', 1, 2),
('charter', 'https://www.iqra.edu.pk', 1, 2),
('chat', 'http://www.qualven.com', 1, 2),
('chat', 'http://www.w3.org/', 1, 2),
('chat', 'https://www.iqra.edu.pk', 4, 1),
('cheap', 'http://www.123greetings.com/stay_in_touch/', 1, 2),
('check', 'http://localhost/test4/contentms.htm', 1, 2),
('check', 'http://www.123greetings.com/stay_in_touch/', 1, 2),
('checkbox', 'http://qualven.com/wp-content/plugins/contact-form-7/includes/js/scripts.js?ver=5.0.2', 1, 2),
('cheer', 'http://www.123greetings.com/rss/new_rss.xml', 2, 1),
('cheer', 'http://www.123greetings.com/stay_in_touch/', 2, 1),
('cherish', 'http://www.123greetings.com/rss/new_rss.xml', 2, 1),
('chmod', 'http://localhost/test4/contentms.htm', 1, 2),
('chocol', 'http://www.123greetings.com/stay_in_touch/', 1, 2),
('choic', 'http://localhost/test2/index.htm', 1, 2),
('choos', 'http://www.qualven.com', 1, 2),
('choos', 'https://www.iqra.edu.pk', 2, 1),
('choreograph', 'http://search.yahoo.com/mrss/', 1, 2),
('chosen', 'http://localhost/test2/index.htm', 1, 2),
('christma', 'http://www.123greetings.com/rss/newsletterrss.xml', 18, 4),
('ciec', 'https://www.iqra.edu.pk', 1, 2),
('circl', 'http://www.qualven.com', 4, 1),
('citi', 'http://localhost/school/', 2, 1),
('citi', 'http://www.w3.org/', 4, 1),
('cityscap', 'http://www.w3.org/', 1, 2),
('civil', 'http://www.w3.org/', 1, 2),
('claim', 'http://localhost/test3/clustering.htm', 1, 2),
('class', 'http://qualven.com/wp-content/themes/startit/assets/css/simple-line-icons/simple-line-icons.css?ver=4.8.17', 2, 1),
('class', 'http://www.qualven.com', 18, 4),
('classic', 'http://localhost/test1/index.html', 1, 2),
('classic', 'http://www.123greetings.com/rss/newsletterrss.xml', 6, 1),
('classif', 'http://localhost/test3/clustering.htm', 1, 2),
('classifi', 'http://localhost/test3/clustering.htm', 1, 2),
('classroom', 'https://www.iqra.edu.pk', 1, 2),
('clear', 'http://qualven.com/wp-content/plugins/revslider/public/assets/js/jquery.themepunch.revolution.min.js?ver=5.4.3.1', 2, 1),
('clear', 'http://www.123greetings.com/rss/newsletterrss.xml', 4, 1),
('clip', 'http://search.yahoo.com/mrss/', 1, 2),
('close', 'http://search.yahoo.com/mrss/', 2, 1),
('close', 'http://www.123greetings.com/rss/newsletterrss.xml', 6, 1),
('close', 'http://www.qualven.com', 6, 1),
('close', 'http://www.w3.org/', 6, 1),
('club', 'http://qualven.com/wp-content/themes/startit/assets/js/scrolltoplugin.min.js?ver=4.8.17', 1, 2),
('cluster', 'http://localhost/test3/clustering.htm', 32, 4),
('cmp', 'https://www.w3schools.com/html/default.asp', 2, 1),
('code', 'http://localhost/test4/contentms.htm', 3, 1),
('code', 'http://qualven.com/wp-content/themes/startit/assets/css/simple-line-icons/simple-line-icons.css?ver=4.8.17', 1, 2),
('code', 'http://search.yahoo.com/mrss/', 5, 1),
('code', 'https://www.w3schools.com/html/default.asp', 5, 1),
('codec', 'http://qualven.com/wp-includes/js/mediaelement/mediaelement-and-player.min.js?ver=2.22.0', 1, 2),
('coffe', 'http://www.123greetings.com/rss/newsletterrss.xml', 2, 1),
('col', 'http://www.w3.org/', 1, 2),
('cold', 'http://localhost/test4/contentms.htm', 2, 1),
('cold', 'http://www.123greetings.com/rss/newsletterrss.xml', 2, 1),
('collabor', 'https://www.iqra.edu.pk', 1, 2),
('colleagu', 'http://www.123greetings.com/stay_in_touch/', 2, 1),
('collect', 'http://localhost/test3/clustering.htm', 2, 1),
('collect', 'http://www.123greetings.com/rss/daily_rss.xml', 4, 1),
('collect', 'http://www.123greetings.com/rss/new_rss.xml', 2, 1),
('collect', 'http://www.w3.org/', 1, 2),
('color', 'https://www.w3schools.com/html/default.asp', 3, 1),
('column', 'https://www.iqra.edu.pk', 1, 2),
('combin', 'http://localhost/test3/clustering.htm', 1, 2),
('combin', 'http://www.w3.org/', 1, 2),
('combin', 'https://www.iqra.edu.pk', 1, 2),
('come', 'http://localhost/test2/index.htm', 1, 2),
('come', 'http://localhost/test4/contentms.htm', 1, 2),
('come', 'http://www.123greetings.com/rss/newsletterrss.xml', 2, 1),
('comfort', 'http://www.123greetings.com/stay_in_touch/', 2, 1),
('comfort', 'http://www.qualven.com', 1, 2),
('comma', 'http://search.yahoo.com/mrss/', 1, 2),
('comment', 'http://localhost/test2/index.htm', 1, 2),
('comment', 'http://localhost/test4/contentms.htm', 2, 1),
('comment', 'http://www.qualven.com', 1, 2),
('comment', 'http://www.w3.org/', 4, 1),
('comment', 'https://www.iqra.edu.pk', 1, 2),
('commit', 'https://www.paknokri.com', 1, 2),
('common', 'http://search.yahoo.com/mrss/', 3, 1),
('commonli', 'http://www.w3.org/', 1, 2),
('commun', 'http://localhost/test2/index.htm', 1, 2),
('commun', 'http://www.qualven.com', 1, 2),
('commun', 'http://www.w3.org/', 4, 1),
('communist', 'http://localhost/test2/index.htm', 1, 2),
('compani', 'http://localhost/test2/index.htm', 1, 2),
('compani', 'http://www.qualven.com', 2, 1),
('compar', 'http://localhost/test3/clustering.htm', 1, 2),
('compat', 'http://qualven.com/wp-includes/js/jquery/jquery-migrate.min.js?ver=1.4.1', 1, 2),
('complet', 'http://localhost/test3/clustering.htm', 1, 2),
('complet', 'https://www.w3schools.com/html/default.asp', 3, 1),
('compon', 'http://localhost/test3/clustering.htm', 5, 1),
('compon', 'http://sec.yimg.com/us.yimg.com/lib/s/ysch_gl_070104.css', 1, 2),
('compos', 'http://search.yahoo.com/mrss/', 2, 1),
('compos', 'http://www.qualven.com', 1, 2),
('comprehens', 'https://www.iqra.edu.pk', 1, 2),
('compress', 'http://localhost/test4/contentms.htm', 1, 2),
('comput', 'http://www.w3.org/', 1, 2),
('comput', 'https://www.iqra.edu.pk', 3, 1),
('concentr', 'http://www.123greetings.com/rss/newsletterrss.xml', 2, 1),
('concept', 'http://localhost/test3/clustering.htm', 2, 1),
('concept', 'http://www.w3.org/', 1, 2),
('condit', 'http://localhost/test3/clustering.htm', 1, 2),
('conductor', 'http://search.yahoo.com/mrss/', 1, 2),
('configur', 'http://localhost/test4/contentms.htm', 4, 1),
('configur', 'https://www.iqra.edu.pk', 1, 2),
('confus', 'http://search.yahoo.com/mrss/', 1, 2),
('congeni', 'https://www.iqra.edu.pk', 1, 2),
('congratul', 'http://www.123greetings.com/rss/new_rss.xml', 2, 1),
('connect', 'http://www.123greetings.com/rss/newsletterrss.xml', 2, 1),
('connect', 'http://www.qualven.com', 1, 2),
('connect', 'http://www.w3.org/', 1, 2),
('conoscenza', 'http://localhost/test3/clustering.htm', 1, 2),
('conqueror', 'http://localhost/test2/index.htm', 1, 2),
('consecut', 'http://localhost/test2/index.htm', 1, 2),
('consid', 'http://localhost/test3/clustering.htm', 1, 2),
('consist', 'http://www.w3.org/', 1, 2),
('consol', 'http://search.yahoo.com/mrss/', 1, 2),
('consolid', 'http://search.yahoo.com/mrss/', 1, 2),
('consortium', 'http://www.w3.org/', 6, 1),
('constantli', 'https://www.w3schools.com/html/default.asp', 1, 2),
('constitut', 'http://localhost/test3/clustering.htm', 1, 2),
('consult', 'http://www.qualven.com', 2, 1),
('contact', 'http://www.qualven.com', 1, 2),
('content', 'http://localhost/test4/contentms.htm', 7, 1),
('content', 'http://search.yahoo.com/mrss/', 5, 1),
('content', 'http://www.qualven.com', 1, 2),
('content', 'http://www.w3.org/', 7, 1),
('content', 'https://www.iqra.edu.pk', 2, 1),
('continu', 'http://localhost/test3/clustering.htm', 1, 2),
('continu', 'http://search.yahoo.com/mrss/', 2, 1),
('continu', 'http://www.123greetings.com/stay_in_touch/', 2, 1),
('contrari', 'http://localhost/test3/clustering.htm', 1, 2),
('contribut', 'http://search.yahoo.com/mrss/', 2, 1),
('contribut', 'http://www.qualven.com', 1, 2),
('contribut', 'http://www.w3.org/', 1, 2),
('contributor', 'http://qualven.com/wp-includes/js/jquery/jquery-migrate.min.js?ver=1.4.1', 1, 2),
('contributor', 'http://qualven.com/wp-includes/js/jquery/ui/accordion.min.js?ver=1.11.4', 1, 2),
('contributor', 'http://qualven.com/wp-includes/js/jquery/ui/core.min.js?ver=1.11.4', 1, 2),
('contributor', 'http://qualven.com/wp-includes/js/jquery/ui/mouse.min.js?ver=1.11.4', 1, 2),
('contributor', 'http://qualven.com/wp-includes/js/jquery/ui/tabs.min.js?ver=1.11.4', 1, 2),
('contributor', 'http://qualven.com/wp-includes/js/jquery/ui/widget.min.js?ver=1.11.4', 1, 2),
('convert', 'http://www.w3.org/', 1, 2),
('convoc', 'https://www.iqra.edu.pk', 1, 2),
('cook', 'http://www.123greetings.com/rss/daily_rss.xml', 2, 1),
('cool', 'http://www.123greetings.com/rss/daily_rss.xml', 2, 1),
('cool', 'http://www.123greetings.com/rss/newsletterrss.xml', 2, 1),
('copi', 'http://localhost/test4/contentms.htm', 2, 1),
('copyright', 'http://localhost/test1/index.html', 2, 1),
('copyright', 'http://localhost/test4/contentms.htm', 2, 1),
('copyright', 'http://qualven.com/wp-content/themes/startit/assets/js/scrolltoplugin.min.js?ver=4.8.17', 1, 2),
('copyright', 'http://qualven.com/wp-includes/js/jquery/ui/accordion.min.js?ver=1.11.4', 1, 2),
('copyright', 'http://qualven.com/wp-includes/js/jquery/ui/core.min.js?ver=1.11.4', 1, 2),
('copyright', 'http://qualven.com/wp-includes/js/jquery/ui/mouse.min.js?ver=1.11.4', 1, 2),
('copyright', 'http://qualven.com/wp-includes/js/jquery/ui/tabs.min.js?ver=1.11.4', 1, 2),
('copyright', 'http://qualven.com/wp-includes/js/jquery/ui/widget.min.js?ver=1.11.4', 1, 2),
('copyright', 'http://qualven.com/wp-includes/js/mediaelement/mediaelement-and-player.min.js?ver=2.22.0', 1, 2),
('copyright', 'http://search.yahoo.com/mrss/', 1, 2),
('copyright', 'http://www.123greetings.com/stay_in_touch/', 1, 2),
('core', 'http://qualven.com/wp-content/plugins/revslider/public/assets/js/jquery.themepunch.revolution.min.js?ver=5.4.3.1', 1, 2),
('core', 'http://qualven.com/wp-content/uploads/2015/10/graphic-2-home-main.png', 1, 2),
('core', 'http://qualven.com/wp-content/uploads/2016/07/testimonials-8.png', 1, 2),
('core', 'http://qualven.com/wp-content/uploads/2016/07/testimonials-9.png', 1, 2),
('core', 'http://qualven.com/wp-includes/js/jquery/ui/core.min.js?ver=1.11.4', 1, 2),
('corpor', 'http://www.qualven.com', 1, 2),
('correct', 'https://www.w3schools.com/html/default.asp', 1, 2),
('correctli', 'http://search.yahoo.com/mrss/', 1, 2),
('correctli', 'http://www.w3.org/', 1, 2),
('count', 'http://qualven.com/wp-content/plugins/contact-form-7/includes/js/scripts.js?ver=5.0.2', 3, 1),
('countri', 'http://search.yahoo.com/mrss/', 2, 1),
('countri', 'https://www.iqra.edu.pk', 1, 2),
('countri', 'https://www.paknokri.com', 1, 2),
('coupl', 'http://localhost/test2/index.htm', 1, 2),
('coupl', 'http://localhost/test4/contentms.htm', 3, 1),
('coupl', 'https://www.paknokri.com', 1, 2),
('courier', 'http://localhost/test4/contentms.htm', 1, 2),
('cours', 'https://www.iqra.edu.pk', 1, 2),
('cours', 'https://www.w3schools.com/html/default.asp', 4, 1),
('cousin', 'http://www.123greetings.com/rss/newsletterrss.xml', 2, 1),
('coz', 'http://www.123greetings.com/stay_in_touch/', 2, 1),
('crap', 'http://localhost/test4/contentms.htm', 1, 2),
('crash', 'http://www.123greetings.com/rss/newsletterrss.xml', 2, 1),
('creat', 'http://qualven.com/wp-includes/js/mediaelement/mediaelement-and-player.min.js?ver=2.22.0', 1, 2),
('creat', 'http://search.yahoo.com/mrss/', 4, 1),
('creat', 'http://www.qualven.com', 1, 2),
('creat', 'http://www.w3.org/', 1, 2),
('creat', 'https://www.iqra.edu.pk', 1, 2),
('creat', 'https://www.w3schools.com/html/default.asp', 1, 2),
('creation', 'http://search.yahoo.com/mrss/', 1, 2),
('creativ', 'http://search.yahoo.com/mrss/', 3, 1),
('creator', 'http://www.w3.org/', 1, 2),
('credit', 'http://www.123greetings.com/rss/newsletterrss.xml', 2, 1),
('criterion', 'http://localhost/test3/clustering.htm', 3, 1),
('critic', 'http://www.w3.org/', 1, 2),
('cry', 'http://localhost/test4/contentms.htm', 1, 2),
('css', 'http://qualven.com/wp-content/themes/startit/assets/css/simple-line-icons/simple-line-icons.css?ver=4.8.17', 1, 2),
('css', 'http://www.qualven.com', 1, 2),
('css', 'https://www.iqra.edu.pk', 2, 1),
('css', 'https://www.w3schools.com/html/default.asp', 3, 1),
('cuddli', 'http://www.123greetings.com/rss/new_rss.xml', 2, 1),
('cult', 'http://localhost/test2/index.htm', 1, 2),
('curiou', 'http://www.123greetings.com/rss/newsletterrss.xml', 2, 1),
('current', 'http://localhost/test4/contentms.htm', 1, 2),
('current', 'http://qualven.com/wp-content/plugins/revslider/public/assets/js/jquery.themepunch.revolution.min.js?ver=5.4.3.1', 1, 2),
('current', 'http://search.yahoo.com/mrss/', 2, 1),
('current', 'http://www.qualven.com', 3, 1),
('current', 'http://www.w3.org/', 2, 1),
('curv', 'http://localhost/test4/contentms.htm', 1, 2),
('custom', 'http://localhost/test3/clustering.htm', 2, 1),
('custom', 'http://www.qualven.com', 4, 1),
('custom', 'https://www.iqra.edu.pk', 2, 1),
('customev', 'http://qualven.com/wp-content/plugins/contact-form-7/includes/js/scripts.js?ver=5.0.2', 1, 2),
('customstatusclass', 'http://qualven.com/wp-content/plugins/contact-form-7/includes/js/scripts.js?ver=5.0.2', 3, 1),
('cut', 'http://localhost/test4/contentms.htm', 2, 1),
('cute', 'http://www.123greetings.com/rss/daily_rss.xml', 2, 1),
('cute', 'http://www.123greetings.com/rss/new_rss.xml', 2, 1),
('dad', 'http://www.123greetings.com/rss/newsletterrss.xml', 4, 1),
('dai', 'http://localhost/test2/index.htm', 1, 2),
('dai', 'http://localhost/test3/clustering.htm', 1, 2),
('dai', 'http://www.123greetings.com/rss/daily_rss.xml', 6, 1),
('dai', 'http://www.123greetings.com/rss/newsletterrss.xml', 9, 4),
('dai', 'http://www.123greetings.com/stay_in_touch/', 7, 1),
('daili', 'http://www.123greetings.com/rss/daily_rss.xml', 2, 1),
('daili', 'http://www.123greetings.com/rss/new_rss.xml', 2, 1),
('daili', 'http://www.123greetings.com/stay_in_touch/', 2, 1),
('daisi', 'http://search.yahoo.com/mrss/', 1, 2),
('danc', 'http://www.123greetings.com/rss/daily_rss.xml', 2, 1),
('danger', 'http://localhost/test3/clustering.htm', 1, 2),
('danni', 'http://search.yahoo.com/mrss/', 1, 2),
('dark', 'http://www.123greetings.com/rss/newsletterrss.xml', 4, 1),
('dark', 'https://www.w3schools.com/html/default.asp', 1, 2),
('dash', 'http://qualven.com/wp-content/plugins/revslider/public/assets/css/settings.css?ver=5.4.3.1', 2, 1),
('dash', 'http://sec.yimg.com/us.yimg.com/lib/s/ysch_adv_041201.css', 1, 2),
('data', 'http://localhost/test3/clustering.htm', 19, 4),
('data', 'http://qualven.com/wp-content/plugins/contact-form-7/includes/js/scripts.js?ver=5.0.2', 7, 1),
('data', 'http://www.w3.org/', 1, 2),
('data', 'https://www.w3schools.com/html/default.asp', 4, 1),
('databas', 'http://localhost/test3/clustering.htm', 2, 1),
('databas', 'http://localhost/test4/contentms.htm', 2, 1),
('databas', 'http://www.qualven.com', 1, 2),
('date', 'http://www.qualven.com', 2, 1),
('datum', 'http://localhost/test3/clustering.htm', 2, 1),
('david', 'http://search.yahoo.com/mrss/', 2, 1),
('dawn', 'http://www.123greetings.com/rss/newsletterrss.xml', 2, 1),
('de', 'http://localhost/test2/index.htm', 1, 2),
('deal', 'http://localhost/test3/clustering.htm', 2, 1),
('deal', 'http://www.123greetings.com/stay_in_touch/', 1, 2),
('dear', 'http://localhost/test1/index.html', 1, 2),
('death', 'http://localhost/test2/index.htm', 1, 2),
('dec', 'http://localhost/test4/contentms.htm', 2, 1),
('dec', 'http://www.123greetings.com/rss/newsletterrss.xml', 5, 1),
('decad', 'http://www.qualven.com', 1, 2),
('decemb', 'http://www.123greetings.com/rss/newsletterrss.xml', 4, 1),
('decent', 'http://localhost/test4/contentms.htm', 1, 2),
('decid', 'http://localhost/test3/clustering.htm', 1, 2),
('decis', 'http://localhost/test3/clustering.htm', 1, 2),
('decis', 'http://search.yahoo.com/mrss/', 1, 2),
('declar', 'http://localhost/test2/index.htm', 1, 2),
('declar', 'http://search.yahoo.com/mrss/', 1, 2),
('declar', 'http://www.123greetings.com/rss/newsletterrss.xml', 2, 1),
('decor', 'http://www.123greetings.com/rss/newsletterrss.xml', 12, 4),
('decre', 'http://localhost/test2/index.htm', 1, 2),
('decreas', 'http://www.qualven.com', 2, 1),
('deep', 'http://www.qualven.com', 1, 2),
('deeper', 'http://search.yahoo.com/mrss/', 1, 2),
('default', 'http://localhost/test4/contentms.htm', 2, 1),
('default', 'http://qualven.com/wp-content/plugins/revslider/public/assets/css/settings.css?ver=5.4.3.1', 1, 2),
('default', 'http://search.yahoo.com/mrss/', 10, 4),
('default', 'https://www.w3schools.com/html/default.asp', 1, 2),
('defaultimg', 'http://qualven.com/wp-content/plugins/revslider/public/assets/js/jquery.themepunch.revolution.min.js?ver=5.4.3.1', 1, 2),
('defi', 'http://www.123greetings.com/stay_in_touch/', 2, 1),
('defin', 'http://localhost/test3/clustering.htm', 1, 2),
('defin', 'http://search.yahoo.com/mrss/', 1, 2),
('defin', 'http://www.w3.org/', 2, 1),
('defin', 'http://www.w3.org/2000/svg', 1, 2),
('defin', 'https://www.iqra.edu.pk', 1, 2),
('definit', 'http://localhost/test3/clustering.htm', 3, 1),
('degre', 'http://localhost/test3/clustering.htm', 1, 2),
('degre', 'https://www.w3schools.com/html/default.asp', 6, 1),
('deiti', 'http://localhost/test2/index.htm', 2, 1),
('delet', 'http://localhost/test4/contentms.htm', 1, 2),
('delight', 'http://www.123greetings.com/rss/newsletterrss.xml', 2, 1),
('deliveri', 'http://www.qualven.com', 1, 2),
('della', 'http://localhost/test3/clustering.htm', 1, 2),
('demo', 'http://localhost/test4/contentms.htm', 2, 1),
('demo', 'https://www.w3schools.com/html/default.asp', 1, 2),
('democraci', 'http://localhost/test2/index.htm', 1, 2),
('denomin', 'http://localhost/test2/index.htm', 1, 2),
('depend', 'http://localhost/test3/clustering.htm', 1, 2),
('depend', 'http://www.w3.org/', 1, 2),
('deprec', 'http://qualven.com/wp-includes/js/jquery/jquery-migrate.min.js?ver=1.4.1', 1, 2),
('dequ', 'http://www.w3.org/', 2, 1),
('describ', 'http://localhost/test3/clustering.htm', 1, 2),
('describ', 'http://search.yahoo.com/mrss/', 3, 1),
('describ', 'http://www.w3.org/', 2, 1),
('descript', 'http://localhost/test3/clustering.htm', 1, 2),
('descript', 'http://search.yahoo.com/mrss/', 2, 1),
('design', 'http://search.yahoo.com/mrss/', 1, 2),
('design', 'http://www.123greetings.com/stay_in_touch/', 6, 1),
('design', 'http://www.qualven.com', 3, 1),
('design', 'https://www.iqra.edu.pk', 1, 2),
('desir', 'http://localhost/test4/contentms.htm', 2, 1),
('detail', 'http://localhost/test4/contentms.htm', 1, 2),
('detail', 'http://qualven.com/wp-content/plugins/contact-form-7/includes/js/scripts.js?ver=5.0.2', 12, 4),
('detail', 'http://search.yahoo.com/mrss/', 4, 1),
('detect', 'http://qualven.com/wp-content/plugins/revslider/public/assets/js/jquery.themepunch.revolution.min.js?ver=5.4.3.1', 2, 1),
('detectbrwr', 'http://www.123greetings.com/stay_in_touch/', 1, 2),
('determin', 'http://localhost/test3/clustering.htm', 2, 1),
('determin', 'http://search.yahoo.com/mrss/', 3, 1),
('determin', 'http://www.w3.org/', 1, 2),
('develop', 'http://localhost/test4/contentms.htm', 1, 2),
('develop', 'http://www.123greetings.com/stay_in_touch/', 2, 1),
('develop', 'http://www.qualven.com', 4, 1),
('develop', 'http://www.w3.org/', 7, 1),
('develop', 'https://www.iqra.edu.pk', 1, 2),
('develop', 'https://www.w3schools.com/html/default.asp', 1, 2),
('dhtml', 'http://localhost/test1/index.html', 1, 2),
('die', 'http://localhost/test4/contentms.htm', 1, 2),
('differ', 'http://www.qualven.com', 1, 2),
('difficult', 'http://www.123greetings.com/stay_in_touch/', 2, 1),
('digit', 'http://www.qualven.com', 1, 2),
('digit', 'http://www.w3.org/', 3, 1),
('digitis', 'http://www.qualven.com', 1, 2),
('dil', 'http://localhost/test1/index.html', 1, 2),
('dimens', 'http://localhost/test3/clustering.htm', 1, 2),
('dimension', 'http://localhost/test3/clustering.htm', 2, 1),
('dinner', 'http://www.123greetings.com/rss/newsletterrss.xml', 6, 1),
('direct', 'http://search.yahoo.com/mrss/', 2, 1),
('directli', 'http://www.w3.org/', 1, 2),
('director', 'http://search.yahoo.com/mrss/', 1, 2),
('directori', 'http://localhost/test4/contentms.htm', 9, 4),
('disabl', 'http://www.w3.org/', 1, 2),
('disapprov', 'http://www.123greetings.com/rss/newsletterrss.xml', 2, 1),
('discov', 'http://localhost/test3/clustering.htm', 1, 2),
('discov', 'http://localhost/test4/contentms.htm', 1, 2),
('discoveri', 'http://localhost/test3/clustering.htm', 1, 2),
('discuss', 'http://localhost/test3/clustering.htm', 1, 2),
('discuss', 'http://www.w3.org/', 1, 2),
('displai', 'http://localhost/school/', 1, 2),
('displai', 'http://localhost/test4/contentms.htm', 1, 2),
('displai', 'http://search.yahoo.com/mrss/', 1, 2),
('displai', 'https://www.iqra.edu.pk', 2, 1),
('distanc', 'http://localhost/test3/clustering.htm', 9, 4),
('distinct', 'http://search.yahoo.com/mrss/', 1, 2),
('distinguish', 'http://localhost/test4/contentms.htm', 1, 2),
('distinguish', 'http://search.yahoo.com/mrss/', 2, 1),
('distributor', 'http://search.yahoo.com/mrss/', 1, 2),
('div', 'http://search.yahoo.com/mrss/', 3, 1),
('div', 'http://sec.yimg.com/us.yimg.com/lib/s/ysch_adv_041201.css', 10, 4),
('div', 'http://sec.yimg.com/us.yimg.com/lib/s/ysch_gl_070104.css', 1, 2),
('div', 'https://www.iqra.edu.pk', 3, 1),
('divers', 'http://www.qualven.com', 1, 2),
('divers', 'http://www.w3.org/', 1, 2),
('divers', 'https://www.iqra.edu.pk', 1, 2),
('divin', 'http://localhost/test2/index.htm', 1, 2),
('doc', 'http://localhost/test4/contentms.htm', 3, 1),
('doc', 'http://qualven.com/wp-content/themes/startit/assets/js/scrolltoplugin.min.js?ver=4.8.17', 1, 2),
('doc', 'http://www.qualven.com', 1, 2),
('doc', 'https://www.iqra.edu.pk', 1, 2),
('doctop', 'https://www.w3schools.com/html/default.asp', 1, 2),
('doctyp', 'http://localhost/test1/index.html', 1, 2),
('document', 'http://localhost/test3/clustering.htm', 1, 2),
('document', 'http://localhost/test4/contentms.htm', 6, 1),
('document', 'http://search.yahoo.com/mrss/', 2, 1),
('document', 'http://www.qualven.com', 1, 2),
('document', 'http://www.w3.org/', 5, 1),
('document', 'http://www.w3.org/1999/xhtml', 1, 2),
('document', 'http://www.w3.org/stylesheets/tr/base', 1, 2),
('dogma', 'http://localhost/test2/index.htm', 1, 2),
('dom', 'http://qualven.com/wp-content/plugins/contact-form-7/includes/js/scripts.js?ver=5.0.2', 1, 2),
('dom', 'https://www.w3schools.com/html/default.asp', 2, 1),
('domain', 'http://localhost/test3/clustering.htm', 3, 1),
('domain', 'http://www.w3.org/', 2, 1),
('don', 'http://localhost/test1/index.html', 1, 2),
('door', 'http://www.123greetings.com/rss/newsletterrss.xml', 12, 4),
('door', 'http://www.123greetings.com/stay_in_touch/', 2, 1),
('doubleclick', 'http://localhost/test4/contentms.htm', 8, 4),
('download', 'http://localhost/test4/contentms.htm', 7, 1),
('doyl', 'http://qualven.com/wp-content/themes/startit/assets/js/scrolltoplugin.min.js?ver=4.8.17', 1, 2),
('draft', 'http://www.w3.org/', 5, 1),
('drag', 'http://www.qualven.com', 2, 1),
('dreami', 'http://www.123greetings.com/rss/newsletterrss.xml', 2, 1),
('dreamweav', 'http://localhost/test4/contentms.htm', 1, 2),
('drive', 'http://localhost/test1/index.html', 1, 2),
('drive', 'http://www.w3.org/', 2, 1),
('drivewai', 'http://www.123greetings.com/rss/newsletterrss.xml', 2, 1),
('drl', 'http://localhost/school/', 2, 1),
('drop', 'http://www.qualven.com', 2, 1),
('drove', 'http://www.123greetings.com/rss/newsletterrss.xml', 2, 1),
('dublin', 'http://search.yahoo.com/mrss/', 3, 1),
('duli', 'http://search.yahoo.com/mrss/', 1, 2),
('dyer', 'http://qualven.com/wp-includes/js/mediaelement/mediaelement-and-player.min.js?ver=2.22.0', 1, 2),
('dynam', 'http://localhost/test1/index.html', 1, 2),
('dynam', 'http://localhost/test4/contentms.htm', 3, 1),
('earli', 'http://search.yahoo.com/mrss/', 2, 1),
('earlier', 'http://localhost/test2/index.htm', 1, 2),
('earlier', 'http://search.yahoo.com/mrss/', 1, 2),
('earn', 'http://www.qualven.com', 1, 2),
('earthquak', 'http://localhost/test3/clustering.htm', 1, 2),
('eas', 'http://qualven.com/wp-content/themes/startit/assets/css/modules.min.css?ver=4.8.17', 2, 1),
('eas', 'http://qualven.com/wp-content/themes/startit/assets/css/plugins.min.css?ver=4.8.17', 12, 4),
('eas', 'https://www.iqra.edu.pk', 20, 4),
('easi', 'http://localhost/test3/clustering.htm', 1, 2),
('easi', 'http://localhost/test4/contentms.htm', 1, 2),
('easi', 'https://www.w3schools.com/html/default.asp', 2, 1),
('easier', 'http://search.yahoo.com/mrss/', 1, 2),
('easili', 'http://localhost/test3/clustering.htm', 1, 2),
('ecard', 'http://www.123greetings.com/rss/daily_rss.xml', 18, 4),
('ecard', 'http://www.123greetings.com/rss/new_rss.xml', 15, 4),
('ecard', 'http://www.123greetings.com/stay_in_touch/', 3, 1),
('eckart', 'http://search.yahoo.com/mrss/', 1, 2),
('edit', 'http://www.w3.org/', 1, 2),
('edit', 'https://www.iqra.edu.pk', 3, 1),
('edit', 'https://www.w3schools.com/html/default.asp', 2, 1),
('editor', 'http://search.yahoo.com/mrss/', 1, 2),
('editor', 'https://www.w3schools.com/html/default.asp', 2, 1),
('educ', 'http://localhost/test2/index.htm', 1, 2),
('educ', 'https://www.iqra.edu.pk', 2, 1),
('effect', 'http://localhost/test1/index.html', 1, 2),
('effect', 'http://localhost/test3/clustering.htm', 1, 2),
('effect', 'http://search.yahoo.com/mrss/', 1, 2),
('effici', 'http://www.w3.org/', 1, 2),
('effort', 'http://www.qualven.com', 1, 2),
('effort', 'http://www.w3.org/', 1, 2),
('egreet', 'http://www.123greetings.com/rss/new_rss.xml', 1, 2),
('ei', 'http://www.123greetings.com/rss/newsletterrss.xml', 2, 1),
('elder', 'http://www.123greetings.com/rss/newsletterrss.xml', 20, 4),
('eleg', 'http://www.qualven.com', 1, 2),
('elem', 'https://www.w3schools.com/html/default.asp', 1, 2),
('element', 'http://search.yahoo.com/mrss/', 31, 4),
('element', 'https://www.w3schools.com/html/default.asp', 1, 2),
('elementorfrontendconfig', 'https://www.iqra.edu.pk', 1, 2),
('elementorprofrontendconfig', 'https://www.iqra.edu.pk', 1, 2),
('em', 'http://search.yahoo.com/mrss/', 1, 2),
('em', 'http://sec.yimg.com/us.yimg.com/lib/s/ysch_adv_041201.css', 6, 1),
('em', 'https://www.w3schools.com/html/default.asp', 2, 1),
('email', 'http://localhost/test2/index.htm', 3, 1),
('email', 'http://www.qualven.com', 1, 2),
('email', 'https://www.paknokri.com', 3, 1),
('embarrass', 'http://www.123greetings.com/rss/newsletterrss.xml', 2, 1),
('empir', 'http://localhost/test2/index.htm', 2, 1),
('employe', 'http://www.qualven.com', 1, 2),
('employe', 'https://www.paknokri.com', 1, 2),
('empti', 'http://search.yahoo.com/mrss/', 2, 1),
('enabl', 'http://search.yahoo.com/mrss/', 1, 2),
('enabl', 'http://www.qualven.com', 1, 2),
('enabl', 'http://www.w3.org/', 2, 1),
('enaught', 'http://localhost/test4/contentms.htm', 3, 1),
('encapsul', 'http://search.yahoo.com/mrss/', 2, 1),
('enclosur', 'http://search.yahoo.com/mrss/', 3, 1),
('encod', 'https://www.w3schools.com/html/default.asp', 1, 2),
('encourag', 'http://search.yahoo.com/mrss/', 2, 1),
('encyclopedia', 'http://www.123greetings.com/rss/newsletterrss.xml', 2, 1),
('end', 'http://localhost/test2/index.htm', 2, 1),
('end', 'http://localhost/test4/contentms.htm', 7, 1),
('end', 'http://search.yahoo.com/mrss/', 6, 1),
('end', 'http://sec.yimg.com/us.yimg.com/lib/s/ysch_adv_041201.css', 3, 1),
('end', 'http://sec.yimg.com/us.yimg.com/lib/s/ysch_gl_070104.css', 1, 2),
('end', 'http://www.123greetings.com/rss/newsletterrss.xml', 4, 1),
('end', 'http://www.123greetings.com/stay_in_touch/', 4, 1),
('end', 'http://www.w3.org/', 3, 1),
('end', 'https://www.iqra.edu.pk', 1, 2),
('end', 'https://www.w3schools.com/html/default.asp', 4, 1),
('endeavor', 'http://www.qualven.com', 1, 2),
('endspan', 'http://localhost/test2/index.htm', 3, 1),
('energet', 'https://www.paknokri.com', 2, 1),
('engin', 'http://www.123greetings.com/rss/newsletterrss.xml', 2, 1),
('engin', 'http://www.qualven.com', 1, 2),
('engin', 'http://www.w3.org/', 1, 2),
('engin', 'https://www.iqra.edu.pk', 1, 2),
('engin', 'https://www.paknokri.com', 2, 1),
('english', 'http://localhost/test4/contentms.htm', 26, 4),
('enhanc', 'http://www.qualven.com', 1, 2),
('enhanc', 'http://www.w3.org/', 2, 1),
('enhanc', 'https://www.iqra.edu.pk', 1, 2),
('enjoi', 'http://localhost/test4/contentms.htm', 1, 2),
('enjoi', 'http://www.123greetings.com/rss/newsletterrss.xml', 2, 1),
('enjoi', 'https://www.w3schools.com/html/default.asp', 1, 2),
('enjoy', 'http://www.123greetings.com/rss/new_rss.xml', 2, 1),
('enlarg', 'http://localhost/test4/contentms.htm', 1, 2),
('enorm', 'http://localhost/test4/contentms.htm', 3, 1),
('ensur', 'http://www.w3.org/', 1, 2),
('enter', 'http://localhost/test4/contentms.htm', 3, 1),
('enter', 'http://www.123greetings.com/rss/newsletterrss.xml', 4, 1),
('enter', 'https://www.paknokri.com', 2, 1),
('entir', 'http://localhost/test4/contentms.htm', 1, 2),
('entir', 'http://search.yahoo.com/mrss/', 1, 2),
('entireti', 'http://localhost/test4/contentms.htm', 3, 1),
('entiti', 'http://search.yahoo.com/mrss/', 5, 1),
('entiti', 'https://www.w3schools.com/html/default.asp', 1, 2),
('entri', 'http://search.yahoo.com/mrss/', 1, 2),
('environ', 'http://localhost/test4/contentms.htm', 1, 2),
('environ', 'http://www.w3.org/', 1, 2),
('environ', 'https://www.iqra.edu.pk', 1, 2),
('environ', 'https://www.paknokri.com', 1, 2),
('epicent', 'http://localhost/test3/clustering.htm', 1, 2),
('equip', 'https://www.iqra.edu.pk', 1, 2),
('ericsson', 'http://www.123greetings.com/stay_in_touch/', 1, 2),
('error', 'http://qualven.com/wp-content/plugins/contact-form-7/includes/js/scripts.js?ver=5.0.2', 1, 2),
('error', 'http://qualven.com/wp-content/plugins/revslider/public/assets/js/jquery.themepunch.revolution.min.js?ver=5.4.3.1', 2, 1),
('error', 'https://www.w3schools.com/html/default.asp', 2, 1),
('erwin', 'http://search.yahoo.com/mrss/', 1, 2),
('esperti', 'http://localhost/test3/clustering.htm', 1, 2),
('essai', 'http://www.123greetings.com/rss/newsletterrss.xml', 2, 1),
('essenc', 'http://localhost/test2/index.htm', 1, 2),
('establish', 'http://www.w3.org/', 2, 1),
('establish', 'https://www.iqra.edu.pk', 1, 2),
('esteem', 'http://www.qualven.com', 1, 2),
('ethic', 'http://www.w3.org/', 1, 2),
('ethnic', 'http://localhost/test2/index.htm', 1, 2),
('euclidean', 'http://localhost/test3/clustering.htm', 2, 1),
('european', 'http://search.yahoo.com/mrss/', 1, 2),
('ev', 'http://localhost/test2/index.htm', 1, 2),
('event', 'http://qualven.com/wp-content/plugins/contact-form-7/includes/js/scripts.js?ver=5.0.2', 6, 1),
('event', 'http://qualven.com/wp-includes/js/jquery/jquery-migrate.min.js?ver=1.4.1', 3, 1),
('event', 'http://www.w3.org/', 5, 1),
('event', 'https://www.w3schools.com/html/default.asp', 2, 1),
('eventu', 'http://www.123greetings.com/stay_in_touch/', 2, 1),
('everlast', 'http://localhost/test2/index.htm', 1, 2),
('everydai', 'http://www.123greetings.com/stay_in_touch/', 4, 1),
('evt', 'http://qualven.com/wp-content/plugins/contact-form-7/includes/js/scripts.js?ver=5.0.2', 1, 2),
('exalt', 'http://localhost/test2/index.htm', 1, 2),
('exam', 'https://www.w3schools.com/html/default.asp', 1, 2),
('exampl', 'https://www.w3schools.com/html/default.asp', 5, 1),
('excel', 'https://www.iqra.edu.pk', 1, 2),
('exchang', 'http://www.w3.org/', 2, 1),
('exclud', 'http://search.yahoo.com/mrss/', 1, 2),
('exclus', 'http://localhost/test3/clustering.htm', 1, 2),
('exclus', 'http://qualven.com/wp-content/plugins/contact-form-7/includes/js/scripts.js?ver=5.0.2', 1, 2),
('excurs', 'http://www.123greetings.com/stay_in_touch/', 1, 2),
('exist', 'http://localhost/test2/index.htm', 3, 1),
('exist', 'http://localhost/test3/clustering.htm', 1, 2),
('exist', 'http://localhost/test4/contentms.htm', 1, 2),
('expain', 'http://localhost/test4/contentms.htm', 3, 1);
INSERT INTO `keywords` (`keyword`, `webURL`, `freqOfWord`, `clusterNr`) VALUES
('expect', 'http://qualven.com/wp-content/plugins/revslider/public/assets/js/jquery.themepunch.revolution.min.js?ver=5.4.3.1', 1, 2),
('expect', 'http://search.yahoo.com/mrss/', 1, 2),
('experi', 'http://localhost/test4/contentms.htm', 2, 1),
('experi', 'http://www.123greetings.com/stay_in_touch/', 1, 2),
('experi', 'http://www.qualven.com', 2, 1),
('experi', 'http://www.w3.org/', 1, 2),
('experienc', 'http://www.qualven.com', 1, 2),
('expert', 'http://www.qualven.com', 2, 1),
('expir', 'http://search.yahoo.com/mrss/', 3, 1),
('explain', 'http://www.w3.org/', 1, 2),
('explicit', 'http://search.yahoo.com/mrss/', 2, 1),
('explicitli', 'http://search.yahoo.com/mrss/', 2, 1),
('explor', 'http://localhost/test4/contentms.htm', 2, 1),
('explor', 'http://qualven.com/wp-content/plugins/contact-form-7/includes/js/scripts.js?ver=5.0.2', 1, 2),
('expos', 'http://www.w3.org/', 1, 2),
('express', 'http://search.yahoo.com/mrss/', 1, 2),
('express', 'http://www.123greetings.com/rss/new_rss.xml', 2, 1),
('express', 'http://www.w3.org/', 1, 2),
('extend', 'http://search.yahoo.com/mrss/', 1, 2),
('extens', 'http://www.w3.org/2000/svg', 1, 2),
('extraordinari', 'http://www.w3.org/', 1, 2),
('ey', 'http://www.123greetings.com/rss/newsletterrss.xml', 8, 4),
('fa', 'http://www.qualven.com', 16, 4),
('fa', 'https://www.w3schools.com/html/default.asp', 5, 1),
('facil', 'https://www.iqra.edu.pk', 2, 1),
('facil', 'https://www.paknokri.com', 1, 2),
('fadeout', 'http://qualven.com/wp-content/plugins/contact-form-7/includes/js/scripts.js?ver=5.0.2', 1, 2),
('fail', 'http://www.123greetings.com/stay_in_touch/', 2, 1),
('fals', 'http://qualven.com/wp-content/plugins/contact-form-7/includes/js/scripts.js?ver=5.0.2', 6, 1),
('fals', 'https://www.w3schools.com/html/default.asp', 6, 1),
('famili', 'http://www.123greetings.com/rss/daily_rss.xml', 11, 4),
('famili', 'http://www.123greetings.com/rss/new_rss.xml', 6, 1),
('famou', 'http://www.123greetings.com/rss/newsletterrss.xml', 4, 1),
('fanci', 'http://localhost/test4/contentms.htm', 1, 2),
('faq', 'https://www.iqra.edu.pk', 1, 2),
('fashion', 'https://www.iqra.edu.pk', 1, 2),
('fast', 'http://www.123greetings.com/stay_in_touch/', 2, 1),
('fastli', 'http://www.qualven.com', 2, 1),
('favor', 'http://search.yahoo.com/mrss/', 1, 2),
('favorit', 'http://www.123greetings.com/rss/newsletterrss.xml', 2, 1),
('feast', 'http://www.123greetings.com/rss/daily_rss.xml', 2, 1),
('featur', 'http://localhost/test1/index.html', 1, 2),
('featur', 'http://localhost/test3/clustering.htm', 2, 1),
('featur', 'http://qualven.com/wp-content/plugins/contact-form-7/includes/js/scripts.js?ver=5.0.2', 1, 2),
('feb', 'http://localhost/test4/contentms.htm', 1, 2),
('feed', 'http://search.yahoo.com/mrss/', 4, 1),
('feed', 'http://www.w3.org/', 2, 1),
('feel', 'http://localhost/test4/contentms.htm', 2, 1),
('feel', 'http://www.123greetings.com/rss/new_rss.xml', 2, 1),
('feel', 'http://www.123greetings.com/stay_in_touch/', 2, 1),
('felt', 'http://www.123greetings.com/rss/newsletterrss.xml', 2, 1),
('fervor', 'http://www.123greetings.com/stay_in_touch/', 1, 2),
('festiv', 'http://www.123greetings.com/rss/daily_rss.xml', 4, 1),
('fetch', 'http://search.yahoo.com/mrss/', 1, 2),
('field', 'http://localhost/test3/clustering.htm', 1, 2),
('field', 'http://qualven.com/wp-content/plugins/contact-form-7/includes/js/scripts.js?ver=5.0.2', 2, 1),
('field', 'https://www.iqra.edu.pk', 1, 2),
('field', 'https://www.paknokri.com', 2, 1),
('fieldset', 'http://search.yahoo.com/mrss/', 1, 2),
('fieldset', 'http://sec.yimg.com/us.yimg.com/lib/s/ysch_adv_041201.css', 1, 2),
('figur', 'http://localhost/test3/clustering.htm', 3, 1),
('file', 'http://localhost/test4/contentms.htm', 22, 4),
('file', 'http://search.yahoo.com/mrss/', 2, 1),
('file', 'http://www.w3.org/', 1, 2),
('file', 'https://www.w3schools.com/html/default.asp', 1, 2),
('filenam', 'https://www.w3schools.com/html/default.asp', 6, 1),
('filesystem', 'http://qualven.com/wp-content/plugins/revslider/public/assets/js/jquery.themepunch.revolution.min.js?ver=5.4.3.1', 2, 1),
('fill', 'http://www.w3.org/', 1, 2),
('fill', 'https://www.iqra.edu.pk', 1, 2),
('film', 'http://search.yahoo.com/mrss/', 1, 2),
('final', 'http://localhost/test3/clustering.htm', 2, 1),
('final', 'http://localhost/test4/contentms.htm', 1, 2),
('financ', 'http://www.qualven.com', 3, 1),
('financ', 'https://www.paknokri.com', 2, 1),
('financi', 'http://www.qualven.com', 1, 2),
('find', 'http://localhost/test3/clustering.htm', 6, 1),
('find', 'http://localhost/test4/contentms.htm', 2, 1),
('find', 'http://www.123greetings.com/rss/newsletterrss.xml', 2, 1),
('find', 'http://www.qualven.com', 1, 2),
('find', 'https://www.w3schools.com/html/default.asp', 2, 1),
('fine', 'http://localhost/test4/contentms.htm', 3, 1),
('finish', 'http://www.123greetings.com/rss/newsletterrss.xml', 2, 1),
('finish', 'http://www.123greetings.com/stay_in_touch/', 2, 1),
('fire', 'http://www.123greetings.com/rss/newsletterrss.xml', 4, 1),
('firemen', 'http://www.123greetings.com/rss/newsletterrss.xml', 2, 1),
('fit', 'http://localhost/test3/clustering.htm', 1, 2),
('flat', 'http://localhost/test4/contentms.htm', 1, 2),
('flex', 'https://www.iqra.edu.pk', 2, 1),
('flexibl', 'http://search.yahoo.com/mrss/', 2, 1),
('fli', 'http://www.123greetings.com/stay_in_touch/', 2, 1),
('flight', 'http://www.123greetings.com/rss/newsletterrss.xml', 2, 1),
('float', 'https://www.iqra.edu.pk', 2, 1),
('flush', 'http://search.yahoo.com/mrss/', 1, 2),
('flv', 'http://qualven.com/wp-includes/js/mediaelement/mediaelement-and-player.min.js?ver=2.22.0', 1, 2),
('folder', 'http://localhost/test4/contentms.htm', 1, 2),
('folder', 'https://www.w3schools.com/html/default.asp', 3, 1),
('foldernam', 'https://www.w3schools.com/html/default.asp', 14, 4),
('follow', 'http://localhost/test2/index.htm', 1, 2),
('fond', 'http://www.123greetings.com/rss/newsletterrss.xml', 2, 1),
('font', 'http://qualven.com/wp-content/themes/startit/assets/css/font-awesome/css/font-awesome.min.css?ver=4.8.17', 1, 2),
('font', 'http://qualven.com/wp-content/themes/startit/assets/css/simple-line-icons/simple-line-icons.css?ver=4.8.17', 1, 2),
('foobar', 'http://search.yahoo.com/mrss/', 1, 2),
('food', 'http://www.123greetings.com/rss/newsletterrss.xml', 2, 1),
('foodi', 'http://www.123greetings.com/rss/newsletterrss.xml', 2, 1),
('foreign', 'http://www.123greetings.com/stay_in_touch/', 2, 1),
('foreign', 'https://www.iqra.edu.pk', 1, 2),
('foretold', 'http://localhost/test2/index.htm', 1, 2),
('forgiv', 'http://localhost/test2/index.htm', 1, 2),
('forgot', 'http://www.123greetings.com/rss/newsletterrss.xml', 2, 1),
('forgotten', 'http://www.123greetings.com/rss/newsletterrss.xml', 2, 1),
('form', 'http://localhost/test2/index.htm', 1, 2),
('form', 'http://localhost/test4/contentms.htm', 1, 2),
('form', 'http://qualven.com/wp-content/plugins/contact-form-7/includes/js/scripts.js?ver=5.0.2', 12, 4),
('form', 'http://search.yahoo.com/mrss/', 1, 2),
('form', 'https://www.iqra.edu.pk', 1, 2),
('form', 'https://www.paknokri.com', 6, 1),
('form', 'https://www.w3schools.com/html/default.asp', 3, 1),
('format', 'http://search.yahoo.com/mrss/', 3, 1),
('formdata', 'http://qualven.com/wp-content/plugins/contact-form-7/includes/js/scripts.js?ver=5.0.2', 1, 2),
('formul', 'http://localhost/test3/clustering.htm', 2, 1),
('formula', 'http://localhost/test3/clustering.htm', 2, 1),
('forti', 'http://localhost/test2/index.htm', 1, 2),
('forum', 'http://localhost/test4/contentms.htm', 1, 2),
('forum', 'http://www.w3.org/', 1, 2),
('found', 'http://www.123greetings.com/rss/newsletterrss.xml', 2, 1),
('found', 'http://www.w3.org/2000/svg', 1, 2),
('found', 'https://www.iqra.edu.pk', 1, 2),
('foundat', 'http://qualven.com/wp-includes/js/jquery/jquery-migrate.min.js?ver=1.4.1', 1, 2),
('foundat', 'http://qualven.com/wp-includes/js/jquery/ui/accordion.min.js?ver=1.11.4', 1, 2),
('foundat', 'http://qualven.com/wp-includes/js/jquery/ui/core.min.js?ver=1.11.4', 1, 2),
('foundat', 'http://qualven.com/wp-includes/js/jquery/ui/mouse.min.js?ver=1.11.4', 1, 2),
('foundat', 'http://qualven.com/wp-includes/js/jquery/ui/tabs.min.js?ver=1.11.4', 1, 2),
('foundat', 'http://qualven.com/wp-includes/js/jquery/ui/widget.min.js?ver=1.11.4', 1, 2),
('founder', 'http://localhost/test2/index.htm', 1, 2),
('fragment', 'http://qualven.com/wp-includes/js/jquery/ui/tabs.min.js?ver=1.11.4', 1, 2),
('frame', 'http://localhost/test4/contentms.htm', 1, 2),
('frame', 'http://search.yahoo.com/mrss/', 1, 2),
('framework', 'http://www.qualven.com', 1, 2),
('free', 'http://localhost/test1/index.html', 4, 1),
('free', 'http://localhost/test4/contentms.htm', 1, 2),
('free', 'http://qualven.com/wp-content/plugins/contact-form-7/includes/js/scripts.js?ver=5.0.2', 1, 2),
('free', 'http://www.123greetings.com/rss/daily_rss.xml', 1, 2),
('free', 'http://www.123greetings.com/rss/new_rss.xml', 1, 2),
('free', 'http://www.123greetings.com/stay_in_touch/', 5, 1),
('free', 'http://www.w3.org/', 1, 2),
('freedom', 'http://localhost/test2/index.htm', 1, 2),
('freez', 'http://www.123greetings.com/rss/newsletterrss.xml', 2, 1),
('fresh', 'http://localhost/test4/contentms.htm', 1, 2),
('fresh', 'http://www.123greetings.com/rss/new_rss.xml', 2, 1),
('fresh', 'https://www.paknokri.com', 4, 1),
('freshmeat', 'http://localhost/test4/contentms.htm', 2, 1),
('friend', 'http://www.123greetings.com/rss/newsletterrss.xml', 2, 1),
('friend', 'http://www.123greetings.com/rss/new_rss.xml', 10, 4),
('friend', 'http://www.123greetings.com/stay_in_touch/', 1, 2),
('friendli', 'http://www.qualven.com', 1, 2),
('friendship', 'http://www.123greetings.com/stay_in_touch/', 2, 1),
('front', 'http://www.123greetings.com/rss/daily_rss.xml', 2, 1),
('front', 'http://www.123greetings.com/rss/newsletterrss.xml', 4, 1),
('front', 'https://www.w3schools.com/html/default.asp', 1, 2),
('fsf', 'http://localhost/test4/contentms.htm', 1, 2),
('ftp', 'http://localhost/test4/contentms.htm', 1, 2),
('full', 'http://localhost/test1/index.html', 1, 2),
('full', 'http://localhost/test4/contentms.htm', 4, 1),
('full', 'http://search.yahoo.com/mrss/', 3, 1),
('full', 'http://www.123greetings.com/rss/newsletterrss.xml', 2, 1),
('full', 'https://www.w3schools.com/html/default.asp', 1, 2),
('fulli', 'http://localhost/test2/index.htm', 1, 2),
('fumbl', 'http://www.123greetings.com/rss/newsletterrss.xml', 2, 1),
('fun', 'http://localhost/test4/contentms.htm', 4, 1),
('fun', 'http://www.123greetings.com/rss/daily_rss.xml', 4, 1),
('fun', 'http://www.123greetings.com/rss/new_rss.xml', 4, 1),
('function', 'http://localhost/test4/contentms.htm', 2, 1),
('function', 'http://qualven.com/wp-content/plugins/contact-form-7/includes/js/scripts.js?ver=5.0.2', 1, 2),
('function', 'http://qualven.com/wp-content/themes/startit/assets/css/style_dynamic_responsive.css?ver=1530514059', 2, 1),
('function', 'https://www.iqra.edu.pk', 7, 1),
('fusion', 'https://www.iqra.edu.pk', 2, 1),
('futur', 'http://search.yahoo.com/mrss/', 1, 2),
('futur', 'http://www.qualven.com', 1, 2),
('futur', 'https://www.iqra.edu.pk', 2, 1),
('fuzzi', 'http://localhost/test3/clustering.htm', 1, 2),
('gajshost', 'http://localhost/test4/contentms.htm', 2, 1),
('galleri', 'http://www.qualven.com', 1, 2),
('galor', 'http://search.yahoo.com/mrss/', 1, 2),
('game', 'https://www.w3schools.com/html/default.asp', 1, 2),
('garag', 'http://www.123greetings.com/rss/newsletterrss.xml', 16, 4),
('garden', 'http://www.123greetings.com/rss/newsletterrss.xml', 2, 1),
('gasp', 'http://www.123greetings.com/rss/newsletterrss.xml', 2, 1),
('gather', 'http://www.123greetings.com/rss/daily_rss.xml', 2, 1),
('gave', 'http://www.123greetings.com/rss/newsletterrss.xml', 8, 4),
('gaze', 'http://www.123greetings.com/rss/daily_rss.xml', 2, 1),
('gear', 'http://www.qualven.com', 1, 2),
('geet', 'http://localhost/test1/index.html', 1, 2),
('gener', 'http://localhost/test2/index.htm', 1, 2),
('gener', 'http://localhost/test3/clustering.htm', 1, 2),
('gener', 'http://localhost/test4/contentms.htm', 5, 1),
('gener', 'http://qualven.com/wp-content/themes/startit/assets/css/simple-line-icons/simple-line-icons.css?ver=4.8.17', 1, 2),
('gener', 'http://qualven.com/wp-content/themes/startit/assets/css/style_dynamic_responsive.css?ver=1530514059', 2, 1),
('gener', 'http://search.yahoo.com/mrss/', 1, 2),
('gener', 'http://sec.yimg.com/us.yimg.com/lib/s/ysch_gl_070104.css', 1, 2),
('gener', 'http://www.123greetings.com/rss/newsletterrss.xml', 2, 1),
('gener', 'http://www.w3.org/', 5, 1),
('geograph', 'http://localhost/test3/clustering.htm', 1, 2),
('geograph', 'http://www.w3.org/', 1, 2),
('geoloc', 'http://www.w3.org/', 3, 1),
('geometr', 'http://localhost/test3/clustering.htm', 1, 2),
('german', 'http://localhost/test4/contentms.htm', 10, 4),
('germani', 'http://localhost/test4/contentms.htm', 1, 2),
('gift', 'http://www.123greetings.com/rss/newsletterrss.xml', 2, 1),
('git', 'https://www.w3schools.com/html/default.asp', 1, 2),
('give', 'http://localhost/test4/contentms.htm', 1, 2),
('give', 'http://search.yahoo.com/mrss/', 1, 2),
('give', 'http://www.123greetings.com/rss/newsletterrss.xml', 2, 1),
('glass', 'http://www.123greetings.com/rss/newsletterrss.xml', 2, 1),
('global', 'http://search.yahoo.com/mrss/', 2, 1),
('global', 'http://www.w3.org/', 1, 2),
('global', 'https://www.iqra.edu.pk', 2, 1),
('global', 'https://www.w3schools.com/html/default.asp', 1, 2),
('globe', 'http://localhost/test2/index.htm', 1, 2),
('gnu', 'http://localhost/test4/contentms.htm', 2, 1),
('goal', 'http://localhost/test3/clustering.htm', 2, 1),
('goal', 'http://qualven.com/wp-content/plugins/revslider/public/assets/js/jquery.themepunch.revolution.min.js?ver=5.4.3.1', 1, 2),
('goal', 'http://www.w3.org/', 1, 2),
('god', 'http://localhost/test2/index.htm', 9, 4),
('good', 'http://localhost/test2/index.htm', 1, 2),
('good', 'http://localhost/test3/clustering.htm', 1, 2),
('good', 'http://localhost/test4/contentms.htm', 14, 4),
('good', 'http://search.yahoo.com/mrss/', 1, 2),
('good', 'http://www.123greetings.com/stay_in_touch/', 2, 1),
('googl', 'http://search.yahoo.com/mrss/', 1, 2),
('googl', 'https://www.iqra.edu.pk', 2, 1),
('googletag', 'https://www.w3schools.com/html/default.asp', 2, 1),
('gorg', 'http://www.123greetings.com/rss/newsletterrss.xml', 2, 1),
('gospel', 'http://localhost/test2/index.htm', 1, 2),
('govern', 'http://www.123greetings.com/rss/newsletterrss.xml', 2, 1),
('govern', 'http://www.123greetings.com/stay_in_touch/', 1, 2),
('govern', 'https://www.iqra.edu.pk', 2, 1),
('gpl', 'http://localhost/test4/contentms.htm', 1, 2),
('grab', 'http://www.123greetings.com/rss/newsletterrss.xml', 2, 1),
('graduat', 'http://www.123greetings.com/rss/new_rss.xml', 1, 2),
('graduat', 'https://www.iqra.edu.pk', 1, 2),
('graduat', 'https://www.paknokri.com', 2, 1),
('grant', 'http://www.123greetings.com/stay_in_touch/', 1, 2),
('graphic', 'http://localhost/test3/clustering.htm', 2, 1),
('graphic', 'http://search.yahoo.com/mrss/', 1, 2),
('graphic', 'http://www.w3.org/', 1, 2),
('graphic', 'http://www.w3.org/2000/svg', 1, 2),
('graphic', 'https://www.w3schools.com/html/default.asp', 1, 2),
('great', 'http://localhost/test2/index.htm', 1, 2),
('great', 'http://localhost/test4/contentms.htm', 2, 1),
('great', 'http://search.yahoo.com/mrss/', 1, 2),
('great', 'http://www.123greetings.com/rss/daily_rss.xml', 2, 1),
('great', 'http://www.123greetings.com/stay_in_touch/', 5, 1),
('greater', 'http://localhost/test2/index.htm', 1, 2),
('greensock', 'http://qualven.com/wp-content/themes/startit/assets/js/scrolltoplugin.min.js?ver=4.8.17', 2, 1),
('greet', 'http://www.123greetings.com/rss/daily_rss.xml', 11, 4),
('greet', 'http://www.123greetings.com/rss/new_rss.xml', 17, 4),
('greet', 'http://www.123greetings.com/stay_in_touch/', 4, 1),
('greg', 'http://search.yahoo.com/mrss/', 2, 1),
('grid', 'https://www.paknokri.com', 1, 2),
('grigg', 'http://localhost/test1/index.html', 1, 2),
('grip', 'http://search.yahoo.com/mrss/', 1, 2),
('group', 'http://localhost/test3/clustering.htm', 11, 4),
('group', 'http://search.yahoo.com/mrss/', 5, 1),
('group', 'http://www.qualven.com', 1, 2),
('group', 'http://www.w3.org/', 9, 4),
('group', 'http://www.w3.org/2000/svg', 1, 2),
('grow', 'http://www.w3.org/', 2, 1),
('growth', 'http://www.qualven.com', 2, 1),
('growth', 'http://www.w3.org/', 1, 2),
('grumbl', 'http://www.123greetings.com/rss/newsletterrss.xml', 2, 1),
('grumpi', 'http://localhost/test4/contentms.htm', 1, 2),
('gui', 'http://localhost/test4/contentms.htm', 1, 2),
('gui', 'http://www.123greetings.com/rss/newsletterrss.xml', 2, 1),
('guid', 'http://localhost/test3/clustering.htm', 1, 2),
('guid', 'http://localhost/test4/contentms.htm', 3, 1),
('guidanc', 'http://www.w3.org/', 1, 2),
('guidelin', 'http://localhost/test3/clustering.htm', 1, 2),
('gzip', 'http://localhost/test4/contentms.htm', 1, 2),
('habit', 'http://localhost/test2/index.htm', 1, 2),
('hack', 'http://localhost/test4/contentms.htm', 1, 2),
('hack', 'http://search.yahoo.com/mrss/', 1, 2),
('hack', 'http://sec.yimg.com/us.yimg.com/lib/s/ysch_adv_041201.css', 1, 2),
('hacker', 'http://localhost/test4/contentms.htm', 1, 2),
('hai', 'http://localhost/test1/index.html', 1, 2),
('hall', 'http://www.123greetings.com/rss/newsletterrss.xml', 3, 1),
('handl', 'http://search.yahoo.com/mrss/', 1, 2),
('handsom', 'https://www.paknokri.com', 1, 2),
('hang', 'http://www.123greetings.com/rss/newsletterrss.xml', 2, 1),
('hang', 'http://www.123greetings.com/rss/new_rss.xml', 2, 1),
('happen', 'http://localhost/test2/index.htm', 1, 2),
('happen', 'http://localhost/test4/contentms.htm', 1, 2),
('happi', 'http://localhost/test4/contentms.htm', 1, 2),
('hard', 'http://localhost/test4/contentms.htm', 2, 1),
('hard', 'http://www.123greetings.com/rss/newsletterrss.xml', 2, 1),
('hardwar', 'http://www.qualven.com', 1, 2),
('hart', 'http://localhost/test2/index.htm', 1, 2),
('harvest', 'http://www.123greetings.com/rss/daily_rss.xml', 2, 1),
('hash', 'http://search.yahoo.com/mrss/', 1, 2),
('hat', 'http://www.123greetings.com/rss/newsletterrss.xml', 2, 1),
('haugstrup', 'http://search.yahoo.com/mrss/', 1, 2),
('head', 'http://www.123greetings.com/rss/newsletterrss.xml', 6, 1),
('head', 'https://www.iqra.edu.pk', 1, 2),
('header', 'http://www.w3.org/', 1, 2),
('header', 'https://www.iqra.edu.pk', 2, 1),
('hear', 'http://www.123greetings.com/rss/newsletterrss.xml', 4, 1),
('heard', 'http://www.123greetings.com/rss/newsletterrss.xml', 4, 1),
('heart', 'http://www.123greetings.com/rss/new_rss.xml', 2, 1),
('heart', 'http://www.123greetings.com/stay_in_touch/', 2, 1),
('heaven', 'http://localhost/test2/index.htm', 1, 2),
('heavi', 'http://www.123greetings.com/rss/newsletterrss.xml', 2, 1),
('height', 'http://localhost/test3/clustering.htm', 1, 2),
('height', 'http://search.yahoo.com/mrss/', 3, 1),
('help', 'http://localhost/test4/contentms.htm', 1, 2),
('help', 'http://search.yahoo.com/mrss/', 2, 1),
('help', 'http://www.123greetings.com/rss/newsletterrss.xml', 2, 1),
('help', 'https://www.w3schools.com/html/default.asp', 1, 2),
('helvetica', 'http://localhost/test3/clustering.htm', 10, 4),
('helvetica', 'http://localhost/test4/contentms.htm', 14, 4),
('helvetica', 'https://www.iqra.edu.pk', 10, 4),
('hesit', 'https://www.w3schools.com/html/default.asp', 1, 2),
('hide', 'http://search.yahoo.com/mrss/', 2, 1),
('hide', 'http://sec.yimg.com/us.yimg.com/lib/s/ysch_adv_041201.css', 4, 1),
('hierarch', 'http://localhost/test3/clustering.htm', 1, 2),
('hierarchi', 'http://www.w3.org/', 1, 2),
('high', 'http://localhost/test3/clustering.htm', 1, 2),
('higher', 'http://localhost/test3/clustering.htm', 1, 2),
('higher', 'http://search.yahoo.com/mrss/', 1, 2),
('highlight', 'http://www.w3.org/', 2, 1),
('histoir', 'http://localhost/test2/index.htm', 1, 2),
('histori', 'http://localhost/test2/index.htm', 1, 2),
('histori', 'http://search.yahoo.com/mrss/', 3, 1),
('hold', 'http://www.123greetings.com/rss/newsletterrss.xml', 4, 1),
('holder', 'http://localhost/test3/clustering.htm', 1, 2),
('holi', 'http://localhost/test2/index.htm', 7, 1),
('holidai', 'http://www.123greetings.com/rss/newsletterrss.xml', 2, 1),
('holidai', 'http://www.123greetings.com/rss/new_rss.xml', 1, 2),
('home', 'http://www.123greetings.com/rss/newsletterrss.xml', 2, 1),
('home', 'http://www.w3.org/', 2, 1),
('homogen', 'http://localhost/test3/clustering.htm', 1, 2),
('hoon', 'http://localhost/test1/index.html', 2, 1),
('hope', 'http://www.123greetings.com/rss/newsletterrss.xml', 2, 1),
('hospit', 'http://www.123greetings.com/rss/newsletterrss.xml', 2, 1),
('host', 'http://www.w3.org/', 2, 1),
('hotel', 'http://www.123greetings.com/stay_in_touch/', 2, 1),
('hotmet', 'http://localhost/test4/contentms.htm', 1, 2),
('hour', 'http://localhost/test2/index.htm', 1, 2),
('hour', 'http://localhost/test4/contentms.htm', 3, 1),
('hour', 'http://www.123greetings.com/rss/newsletterrss.xml', 2, 1),
('hous', 'http://localhost/test3/clustering.htm', 2, 1),
('hous', 'http://www.123greetings.com/rss/newsletterrss.xml', 6, 1),
('hous', 'https://www.iqra.edu.pk', 1, 2),
('hover', 'http://qualven.com/wp-content/plugins/revslider/public/assets/js/jquery.themepunch.revolution.min.js?ver=5.4.3.1', 2, 1),
('hr', 'http://sec.yimg.com/us.yimg.com/lib/s/ysch_adv_041201.css', 6, 1),
('html', 'http://localhost/test1/index.html', 1, 2),
('html', 'http://localhost/test2/index.htm', 2, 1),
('html', 'http://localhost/test3/clustering.htm', 2, 1),
('html', 'http://localhost/test4/contentms.htm', 5, 1),
('html', 'http://qualven.com/wp-content/themes/startit/assets/css/plugins.min.css?ver=4.8.17', 5, 1),
('html', 'http://qualven.com/wp-includes/js/jquery/jquery-migrate.min.js?ver=1.4.1', 2, 1),
('html', 'http://search.yahoo.com/mrss/', 5, 1),
('html', 'http://www.w3.org/', 5, 1),
('html', 'http://www.w3.org/1999/xhtml', 2, 1),
('html', 'http://www.w3.org/stylesheets/tr/base', 2, 1),
('html', 'https://www.w3schools.com/html/default.asp', 14, 4),
('http', 'https://www.w3schools.com/html/default.asp', 2, 1),
('huggabl', 'http://www.123greetings.com/rss/new_rss.xml', 2, 1),
('human', 'http://localhost/test2/index.htm', 2, 1),
('human', 'http://search.yahoo.com/mrss/', 2, 1),
('human', 'http://www.123greetings.com/stay_in_touch/', 4, 1),
('hunch', 'http://localhost/test4/contentms.htm', 1, 2),
('hurt', 'http://www.123greetings.com/rss/new_rss.xml', 2, 1),
('hustl', 'http://www.123greetings.com/rss/new_rss.xml', 2, 1),
('ici', 'http://www.123greetings.com/rss/newsletterrss.xml', 2, 1),
('icon', 'http://localhost/test4/contentms.htm', 1, 2),
('icon', 'http://qualven.com/wp-content/themes/startit/assets/css/simple-line-icons/simple-line-icons.css?ver=4.8.17', 1, 2),
('icon', 'http://www.qualven.com', 1, 2),
('icon', 'https://www.w3schools.com/html/default.asp', 1, 2),
('idea', 'http://localhost/test2/index.htm', 1, 2),
('idea', 'http://www.123greetings.com/rss/newsletterrss.xml', 4, 1),
('identifi', 'http://localhost/test3/clustering.htm', 5, 1),
('identifi', 'http://search.yahoo.com/mrss/', 3, 1),
('identifi', 'http://www.w3.org/', 1, 2),
('ifram', 'http://qualven.com/wp-content/plugins/contact-form-7/includes/css/styles.css?ver=5.0.2', 1, 2),
('ifram', 'http://qualven.com/wp-content/plugins/revslider/public/assets/css/settings.css?ver=5.4.3.1', 2, 1),
('ii', 'http://localhost/test2/index.htm', 1, 2),
('illustr', 'http://localhost/test3/clustering.htm', 1, 2),
('illustr', 'http://search.yahoo.com/mrss/', 1, 2),
('imag', 'http://search.yahoo.com/mrss/', 3, 1),
('imag', 'https://www.iqra.edu.pk', 1, 2),
('img', 'http://qualven.com/wp-content/plugins/revslider/public/assets/js/jquery.themepunch.revolution.min.js?ver=5.4.3.1', 1, 2),
('img', 'http://search.yahoo.com/mrss/', 1, 2),
('img', 'http://sec.yimg.com/us.yimg.com/lib/s/ysch_gl_070104.css', 1, 2),
('img', 'https://www.iqra.edu.pk', 5, 1),
('img', 'https://www.w3schools.com/html/default.asp', 1, 2),
('immedi', 'http://localhost/test3/clustering.htm', 1, 2),
('implement', 'http://www.qualven.com', 1, 2),
('implement', 'http://www.w3.org/', 3, 1),
('implementor', 'http://www.w3.org/', 1, 2),
('impli', 'http://search.yahoo.com/mrss/', 1, 2),
('import', 'http://localhost/test3/clustering.htm', 2, 1),
('import', 'http://www.w3.org/', 1, 2),
('importantli', 'http://localhost/test4/contentms.htm', 4, 1),
('impress', 'http://www.123greetings.com/rss/newsletterrss.xml', 2, 1),
('improv', 'http://search.yahoo.com/mrss/', 1, 2),
('improv', 'http://www.w3.org/', 2, 1),
('improv', 'https://www.w3schools.com/html/default.asp', 1, 2),
('in', 'https://www.iqra.edu.pk', 1, 2),
('incessantli', 'https://www.iqra.edu.pk', 1, 2),
('includ', 'http://localhost/test2/index.htm', 1, 2),
('includ', 'http://localhost/test3/clustering.htm', 1, 2),
('includ', 'http://localhost/test4/contentms.htm', 1, 2),
('includ', 'http://search.yahoo.com/mrss/', 4, 1),
('includ', 'http://www.w3.org/', 2, 1),
('inclus', 'http://search.yahoo.com/mrss/', 1, 2),
('increas', 'http://www.qualven.com', 4, 1),
('increasingli', 'http://www.123greetings.com/stay_in_touch/', 2, 1),
('incred', 'http://www.w3.org/', 1, 2),
('incub', 'http://www.w3.org/', 1, 2),
('independ', 'http://localhost/test3/clustering.htm', 1, 2),
('index', 'http://localhost/test4/contentms.htm', 2, 1),
('index', 'http://qualven.com/wp-content/plugins/contact-form-7/includes/js/scripts.js?ver=5.0.2', 1, 2),
('index', 'http://search.yahoo.com/mrss/', 1, 2),
('indic', 'http://search.yahoo.com/mrss/', 1, 2),
('individu', 'http://search.yahoo.com/mrss/', 1, 2),
('industri', 'http://www.qualven.com', 5, 1),
('industri', 'http://www.w3.org/', 2, 1),
('infinit', 'http://qualven.com/wp-content/plugins/revslider/public/assets/css/settings.css?ver=5.4.3.1', 5, 1),
('infinit', 'http://qualven.com/wp-content/themes/startit/assets/css/font-awesome/css/font-awesome.min.css?ver=4.8.17', 4, 1),
('infinit', 'http://qualven.com/wp-content/themes/startit/assets/css/modules.min.css?ver=4.8.17', 62, 0),
('influenti', 'http://localhost/test2/index.htm', 2, 1),
('inform', 'http://localhost/test3/clustering.htm', 1, 2),
('inform', 'http://localhost/test4/contentms.htm', 1, 2),
('inform', 'http://search.yahoo.com/mrss/', 4, 1),
('inform', 'http://www.123greetings.com/rss/newsletterrss.xml', 2, 1),
('inform', 'http://www.qualven.com', 3, 1),
('inform', 'http://www.w3.org/', 2, 1),
('inform', 'http://www.w3.org/2000/svg', 3, 1),
('inform', 'https://www.iqra.edu.pk', 1, 2),
('informat', 'http://www.w3.org/', 1, 2),
('infrastructur', 'http://www.w3.org/', 1, 2),
('ini', 'http://localhost/test4/contentms.htm', 3, 1),
('initi', 'http://localhost/test4/contentms.htm', 1, 2),
('initi', 'http://search.yahoo.com/mrss/', 1, 2),
('initi', 'https://www.iqra.edu.pk', 1, 2),
('inlin', 'http://www.qualven.com', 1, 2),
('inlin', 'https://www.iqra.edu.pk', 2, 1),
('innov', 'http://www.qualven.com', 5, 1),
('input', 'http://localhost/test3/clustering.htm', 2, 1),
('input', 'http://localhost/test4/contentms.htm', 1, 2),
('input', 'http://qualven.com/wp-content/plugins/contact-form-7/includes/js/scripts.js?ver=5.0.2', 2, 1),
('input', 'http://qualven.com/wp-includes/js/jquery/jquery-migrate.min.js?ver=1.4.1', 1, 2),
('input', 'http://search.yahoo.com/mrss/', 2, 1),
('input', 'http://sec.yimg.com/us.yimg.com/lib/s/ysch_adv_041201.css', 4, 1),
('input', 'http://sec.yimg.com/us.yimg.com/lib/s/ysch_gl_070104.css', 1, 2),
('input', 'http://www.w3.org/', 1, 2),
('input', 'https://www.w3schools.com/html/default.asp', 3, 1),
('inputtyp', 'http://qualven.com/wp-content/plugins/contact-form-7/includes/js/scripts.js?ver=5.0.2', 2, 1),
('inset', 'https://www.iqra.edu.pk', 1, 2),
('insid', 'http://localhost/test4/contentms.htm', 1, 2),
('insid', 'http://www.123greetings.com/rss/newsletterrss.xml', 6, 1),
('insight', 'http://www.qualven.com', 1, 2),
('inspir', 'http://www.qualven.com', 3, 1),
('instal', 'http://localhost/test4/contentms.htm', 17, 4),
('instanc', 'http://localhost/test3/clustering.htm', 3, 1),
('instanc', 'http://search.yahoo.com/mrss/', 1, 2),
('instanceof', 'http://qualven.com/wp-includes/js/jquery/jquery-migrate.min.js?ver=1.4.1', 1, 2),
('instantan', 'http://www.w3.org/', 1, 2),
('institut', 'http://www.w3.org/', 1, 2),
('instruct', 'http://localhost/test4/contentms.htm', 1, 2),
('instrument', 'http://search.yahoo.com/mrss/', 1, 2),
('insur', 'http://localhost/test3/clustering.htm', 1, 2),
('integr', 'http://www.w3.org/', 3, 1),
('intellectu', 'https://www.paknokri.com', 1, 2),
('intellig', 'https://www.iqra.edu.pk', 1, 2),
('intend', 'http://www.w3.org/', 1, 2),
('interdev', 'http://localhost/test4/contentms.htm', 1, 2),
('interest', 'http://localhost/test3/clustering.htm', 1, 2),
('interest', 'http://www.123greetings.com/rss/newsletterrss.xml', 6, 1),
('interest', 'http://www.w3.org/', 4, 1),
('interfac', 'http://localhost/test4/contentms.htm', 2, 1),
('intern', 'http://www.w3.org/', 1, 2),
('intern', 'https://www.iqra.edu.pk', 1, 2),
('internet', 'http://localhost/test4/contentms.htm', 2, 1),
('internet', 'http://qualven.com/wp-content/plugins/contact-form-7/includes/js/scripts.js?ver=5.0.2', 1, 2),
('internet', 'https://www.iqra.edu.pk', 1, 2),
('interpret', 'http://localhost/test3/clustering.htm', 1, 2),
('intrins', 'http://localhost/test3/clustering.htm', 1, 2),
('introduc', 'http://www.123greetings.com/rss/newsletterrss.xml', 4, 1),
('introduct', 'http://www.w3.org/', 1, 2),
('invalid', 'http://qualven.com/wp-includes/js/jquery/jquery-migrate.min.js?ver=1.4.1', 1, 2),
('invalid', 'https://www.paknokri.com', 1, 2),
('invent', 'http://www.123greetings.com/rss/newsletterrss.xml', 2, 1),
('inventori', 'http://www.qualven.com', 1, 2),
('invit', 'http://www.123greetings.com/rss/new_rss.xml', 2, 1),
('invit', 'http://www.w3.org/', 2, 1),
('involv', 'http://www.123greetings.com/rss/newsletterrss.xml', 2, 1),
('involv', 'http://www.qualven.com', 1, 2),
('iot', 'http://www.w3.org/', 1, 2),
('ipad', 'https://www.iqra.edu.pk', 2, 1),
('iphon', 'https://www.iqra.edu.pk', 2, 1),
('iqra', 'https://www.iqra.edu.pk', 3, 1),
('islam', 'http://localhost/test2/index.htm', 3, 1),
('isp', 'http://localhost/test4/contentms.htm', 1, 2),
('issu', 'http://qualven.com/wp-content/themes/startit/assets/js/scrolltoplugin.min.js?ver=4.8.17', 1, 2),
('issu', 'http://www.w3.org/', 1, 2),
('itch', 'http://www.123greetings.com/rss/newsletterrss.xml', 2, 1),
('item', 'http://localhost/test3/clustering.htm', 1, 2),
('item', 'http://qualven.com/wp-content/plugins/contact-form-7/includes/js/scripts.js?ver=5.0.2', 4, 1),
('item', 'http://search.yahoo.com/mrss/', 1, 2),
('item', 'https://www.iqra.edu.pk', 1, 2),
('iter', 'http://localhost/test3/clustering.htm', 1, 2),
('jack', 'http://qualven.com/wp-content/themes/startit/assets/js/scrolltoplugin.min.js?ver=4.8.17', 1, 2),
('jaff', 'http://www.w3.org/', 1, 2),
('jan', 'http://localhost/test4/contentms.htm', 1, 2),
('java', 'https://www.w3schools.com/html/default.asp', 3, 1),
('javascript', 'http://qualven.com/wp-includes/js/mediaelement/mediaelement-and-player.min.js?ver=2.22.0', 1, 2),
('javascript', 'https://www.w3schools.com/html/default.asp', 3, 1),
('jeff', 'http://www.w3.org/', 1, 2),
('jeffrei', 'http://www.123greetings.com/rss/newsletterrss.xml', 2, 1),
('jennif', 'http://search.yahoo.com/mrss/', 1, 2),
('jeremi', 'http://search.yahoo.com/mrss/', 1, 2),
('jesu', 'http://localhost/test2/index.htm', 1, 2),
('job', 'http://localhost/test4/contentms.htm', 2, 1),
('job', 'http://www.w3.org/', 1, 2),
('job', 'https://www.paknokri.com', 5, 1),
('john', 'http://qualven.com/wp-includes/js/mediaelement/mediaelement-and-player.min.js?ver=2.22.0', 1, 2),
('john', 'http://search.yahoo.com/mrss/', 1, 2),
('join', 'http://localhost/test2/index.htm', 2, 1),
('joint', 'http://www.w3.org/', 1, 2),
('joyou', 'http://www.123greetings.com/rss/daily_rss.xml', 2, 1),
('jqueri', 'http://qualven.com/wp-content/plugins/contact-form-7/includes/js/scripts.js?ver=5.0.2', 2, 1),
('jqueri', 'http://qualven.com/wp-content/plugins/revslider/public/assets/js/jquery.themepunch.revolution.min.js?ver=5.4.3.1', 3, 1),
('jqueri', 'http://qualven.com/wp-includes/js/jquery/jquery-migrate.min.js?ver=1.4.1', 2, 1),
('jqueri', 'http://qualven.com/wp-includes/js/jquery/ui/accordion.min.js?ver=1.11.4', 2, 1),
('jqueri', 'http://qualven.com/wp-includes/js/jquery/ui/core.min.js?ver=1.11.4', 2, 1),
('jqueri', 'http://qualven.com/wp-includes/js/jquery/ui/mouse.min.js?ver=1.11.4', 2, 1),
('jqueri', 'http://qualven.com/wp-includes/js/jquery/ui/tabs.min.js?ver=1.11.4', 2, 1),
('jqueri', 'http://qualven.com/wp-includes/js/jquery/ui/widget.min.js?ver=1.11.4', 2, 1),
('jqueri', 'https://www.w3schools.com/html/default.asp', 2, 1),
('js', 'http://www.w3.org/', 1, 2),
('json', 'http://qualven.com/wp-includes/js/jquery/jquery-migrate.min.js?ver=1.4.1', 1, 2),
('jsonobj', 'https://www.w3schools.com/html/default.asp', 1, 2),
('judgement', 'http://localhost/test2/index.htm', 1, 2),
('jul', 'http://localhost/test4/contentms.htm', 1, 2),
('juli', 'http://localhost/test1/index.html', 1, 2),
('julliard', 'http://www.123greetings.com/rss/newsletterrss.xml', 2, 1),
('jun', 'http://www.123greetings.com/stay_in_touch/', 2, 1),
('junctur', 'http://www.w3.org/', 1, 2),
('june', 'http://www.w3.org/', 5, 1),
('kate', 'http://www.123greetings.com/rss/newsletterrss.xml', 14, 4),
('kei', 'http://www.qualven.com', 4, 1),
('keyfram', 'http://search.yahoo.com/mrss/', 1, 2),
('keyword', 'http://search.yahoo.com/mrss/', 2, 1),
('ki', 'http://localhost/test1/index.html', 1, 2),
('kid', 'http://www.123greetings.com/rss/newsletterrss.xml', 2, 1),
('kill', 'http://localhost/test4/contentms.htm', 1, 2),
('kilobit', 'http://search.yahoo.com/mrss/', 1, 2),
('kind', 'http://localhost/test3/clustering.htm', 3, 1),
('kind', 'http://www.123greetings.com/rss/newsletterrss.xml', 2, 1),
('know', 'http://www.123greetings.com/rss/newsletterrss.xml', 2, 1),
('know', 'http://www.123greetings.com/stay_in_touch/', 2, 1),
('knowledg', 'http://localhost/test3/clustering.htm', 4, 1),
('knowledg', 'https://www.iqra.edu.pk', 1, 2),
('kolam', 'http://www.123greetings.com/rss/daily_rss.xml', 2, 1),
('kong', 'http://www.123greetings.com/rss/newsletterrss.xml', 6, 1),
('kurt', 'http://localhost/test1/index.html', 1, 2),
('la', 'http://localhost/test2/index.htm', 1, 2),
('label', 'http://search.yahoo.com/mrss/', 3, 1),
('label', 'http://sec.yimg.com/us.yimg.com/lib/s/ysch_adv_041201.css', 2, 1),
('label', 'https://www.iqra.edu.pk', 8, 4),
('laboratori', 'https://www.iqra.edu.pk', 1, 2),
('ladder', 'http://www.123greetings.com/rss/newsletterrss.xml', 10, 4),
('lang', 'https://www.w3schools.com/html/default.asp', 1, 2),
('languag', 'http://localhost/test2/index.htm', 1, 2),
('languag', 'http://localhost/test4/contentms.htm', 5, 1),
('languag', 'http://search.yahoo.com/mrss/', 5, 1),
('languag', 'http://www.w3.org/', 4, 1),
('languag', 'https://www.w3schools.com/html/default.asp', 2, 1),
('larg', 'http://localhost/test3/clustering.htm', 3, 1),
('largest', 'http://localhost/test4/contentms.htm', 1, 2),
('lastli', 'http://localhost/test3/clustering.htm', 1, 2),
('late', 'http://localhost/test4/contentms.htm', 1, 2),
('latest', 'http://localhost/test4/contentms.htm', 1, 2),
('latest', 'http://qualven.com/wp-content/plugins/revslider/public/assets/js/jquery.themepunch.revolution.min.js?ver=5.4.3.1', 2, 1),
('latest', 'http://search.yahoo.com/mrss/', 1, 2),
('latest', 'http://www.123greetings.com/rss/new_rss.xml', 2, 1),
('latest', 'http://www.123greetings.com/stay_in_touch/', 1, 2),
('latest', 'https://www.iqra.edu.pk', 2, 1),
('layer', 'http://localhost/test4/contentms.htm', 1, 2),
('layerslid', 'http://www.qualven.com', 2, 1),
('lead', 'http://localhost/test2/index.htm', 1, 2),
('lead', 'http://localhost/test3/clustering.htm', 2, 1),
('lead', 'http://www.123greetings.com/rss/newsletterrss.xml', 2, 1),
('lead', 'http://www.w3.org/', 1, 2),
('leaderboard', 'https://www.w3schools.com/html/default.asp', 1, 2),
('learn', 'http://localhost/test2/index.htm', 2, 1),
('learn', 'http://localhost/test4/contentms.htm', 2, 1),
('learn', 'http://www.qualven.com', 2, 1),
('learn', 'https://www.iqra.edu.pk', 2, 1),
('learn', 'https://www.w3schools.com/html/default.asp', 5, 1),
('leas', 'http://www.qualven.com', 2, 1),
('left', 'http://qualven.com/wp-content/themes/startit/assets/css/plugins.min.css?ver=4.8.17', 1, 2),
('left', 'http://www.123greetings.com/stay_in_touch/', 2, 1),
('left', 'https://www.iqra.edu.pk', 20, 4),
('leg', 'http://www.123greetings.com/rss/newsletterrss.xml', 2, 1),
('legend', 'http://sec.yimg.com/us.yimg.com/lib/s/ysch_adv_041201.css', 3, 1),
('legisl', 'http://localhost/test2/index.htm', 1, 2),
('lend', 'http://www.123greetings.com/rss/new_rss.xml', 2, 1),
('length', 'http://localhost/test3/clustering.htm', 1, 2),
('length', 'http://qualven.com/wp-content/plugins/contact-form-7/includes/js/scripts.js?ver=5.0.2', 4, 1),
('lesson', 'https://www.w3schools.com/html/default.asp', 1, 2),
('level', 'http://localhost/test4/contentms.htm', 1, 2),
('level', 'http://search.yahoo.com/mrss/', 4, 1),
('level', 'http://www.w3.org/', 3, 1),
('level', 'https://www.iqra.edu.pk', 1, 2),
('lezion', 'http://localhost/test3/clustering.htm', 1, 2),
('lg', 'http://www.123greetings.com/stay_in_touch/', 1, 2),
('li', 'http://qualven.com/wp-content/themes/startit/assets/css/modules-responsive.min.css?ver=4.8.17', 1, 2),
('li', 'http://qualven.com/wp-content/themes/startit/assets/css/plugins.min.css?ver=4.8.17', 2, 1),
('li', 'http://qualven.com/wp-includes/js/jquery/ui/accordion.min.js?ver=1.11.4', 1, 2),
('li', 'http://search.yahoo.com/mrss/', 2, 1),
('li', 'https://www.iqra.edu.pk', 101, 0),
('li', 'https://www.w3schools.com/html/default.asp', 1, 2),
('librari', 'http://qualven.com/wp-content/plugins/revslider/public/assets/js/jquery.themepunch.revolution.min.js?ver=5.4.3.1', 1, 2),
('licenc', 'http://localhost/test1/index.html', 2, 1),
('licens', 'http://localhost/test4/contentms.htm', 3, 1),
('licens', 'http://qualven.com/wp-content/themes/startit/assets/css/font-awesome/css/font-awesome.min.css?ver=4.8.17', 1, 2),
('licens', 'http://qualven.com/wp-includes/js/jquery/ui/accordion.min.js?ver=1.11.4', 1, 2),
('licens', 'http://qualven.com/wp-includes/js/jquery/ui/core.min.js?ver=1.11.4', 1, 2),
('licens', 'http://qualven.com/wp-includes/js/jquery/ui/mouse.min.js?ver=1.11.4', 1, 2),
('licens', 'http://qualven.com/wp-includes/js/jquery/ui/tabs.min.js?ver=1.11.4', 1, 2),
('licens', 'http://qualven.com/wp-includes/js/jquery/ui/widget.min.js?ver=1.11.4', 1, 2),
('life', 'http://localhost/test2/index.htm', 5, 1),
('light', 'http://www.123greetings.com/rss/newsletterrss.xml', 16, 4),
('light', 'http://www.qualven.com', 4, 1),
('limit', 'http://localhost/test2/index.htm', 1, 2),
('limit', 'http://search.yahoo.com/mrss/', 1, 2),
('limo', 'http://www.123greetings.com/stay_in_touch/', 1, 2),
('line', 'http://localhost/test3/clustering.htm', 1, 2),
('line', 'http://qualven.com/wp-content/themes/startit/assets/css/linea-icons/style.css?ver=4.8.17', 393, 3),
('line', 'http://search.yahoo.com/mrss/', 1, 2),
('linear', 'http://qualven.com/wp-content/plugins/revslider/public/assets/css/settings.css?ver=5.4.3.1', 1, 2),
('linear', 'https://www.iqra.edu.pk', 5, 1),
('link', 'http://localhost/school/', 1, 2),
('link', 'http://localhost/test4/contentms.htm', 2, 1),
('link', 'http://search.yahoo.com/mrss/', 1, 2),
('link', 'http://www.123greetings.com/stay_in_touch/', 1, 2),
('link', 'https://www.w3schools.com/html/default.asp', 12, 4),
('linux', 'http://localhost/test4/contentms.htm', 2, 1),
('list', 'http://localhost/test2/index.htm', 1, 2),
('list', 'http://localhost/test3/clustering.htm', 2, 1),
('list', 'http://localhost/test4/contentms.htm', 4, 1),
('list', 'http://qualven.com/wp-content/themes/startit/assets/css/simple-line-icons/simple-line-icons.css?ver=4.8.17', 1, 2),
('list', 'http://search.yahoo.com/mrss/', 2, 1),
('list', 'http://www.w3.org/', 1, 2),
('list', 'https://www.paknokri.com', 1, 2),
('listen', 'http://search.yahoo.com/mrss/', 1, 2),
('listen', 'http://www.123greetings.com/rss/newsletterrss.xml', 4, 1),
('liter', 'http://search.yahoo.com/mrss/', 3, 1),
('live', 'http://localhost/test2/index.htm', 2, 1),
('live', 'http://localhost/test4/contentms.htm', 1, 2),
('live', 'http://www.123greetings.com/rss/newsletterrss.xml', 6, 1),
('live', 'http://www.123greetings.com/stay_in_touch/', 4, 1),
('live', 'http://www.w3.org/', 1, 2),
('live', 'https://www.iqra.edu.pk', 2, 1),
('load', 'http://qualven.com/wp-content/plugins/revslider/public/assets/js/jquery.themepunch.revolution.min.js?ver=5.4.3.1', 4, 1),
('load', 'http://www.123greetings.com/rss/new_rss.xml', 2, 1),
('local', 'http://qualven.com/wp-content/plugins/revslider/public/assets/js/jquery.themepunch.revolution.min.js?ver=5.4.3.1', 1, 2),
('locat', 'http://www.w3.org/', 1, 2),
('log', 'http://qualven.com/wp-includes/js/jquery/jquery-migrate.min.js?ver=1.4.1', 1, 2),
('logic', 'http://www.123greetings.com/stay_in_touch/', 2, 1),
('login', 'http://localhost/test4/contentms.htm', 5, 1),
('logo', 'http://localhost/test4/contentms.htm', 1, 2),
('logoutputen', 'https://www.w3schools.com/html/default.asp', 1, 2),
('long', 'http://search.yahoo.com/mrss/', 1, 2),
('long', 'http://www.123greetings.com/rss/newsletterrss.xml', 8, 4),
('long', 'http://www.w3.org/', 1, 2),
('longer', 'http://qualven.com/wp-includes/js/jquery/jquery-migrate.min.js?ver=1.4.1', 2, 1),
('longer', 'http://www.123greetings.com/rss/newsletterrss.xml', 2, 1),
('longish', 'http://www.123greetings.com/stay_in_touch/', 2, 1),
('look', 'http://www.123greetings.com/rss/newsletterrss.xml', 8, 4),
('loos', 'http://localhost/test3/clustering.htm', 1, 2),
('lost', 'http://www.123greetings.com/rss/newsletterrss.xml', 2, 1),
('lot', 'http://localhost/test4/contentms.htm', 1, 2),
('lot', 'http://www.123greetings.com/rss/newsletterrss.xml', 2, 1),
('lot', 'http://www.123greetings.com/stay_in_touch/', 2, 1),
('lot', 'https://www.iqra.edu.pk', 1, 2),
('lot', 'https://www.w3schools.com/html/default.asp', 1, 2),
('loud', 'http://www.123greetings.com/rss/newsletterrss.xml', 2, 1),
('love', 'http://localhost/test4/contentms.htm', 1, 2),
('love', 'http://www.123greetings.com/rss/daily_rss.xml', 12, 4),
('love', 'http://www.123greetings.com/rss/newsletterrss.xml', 14, 4),
('love', 'http://www.123greetings.com/rss/new_rss.xml', 16, 4),
('love', 'http://www.123greetings.com/stay_in_touch/', 8, 4),
('lt', 'https://www.paknokri.com', 1, 2),
('lt', 'https://www.w3schools.com/html/default.asp', 1, 2),
('lte', 'http://www.qualven.com', 1, 2),
('lte', 'https://www.iqra.edu.pk', 7, 1),
('luca', 'http://localhost/test3/clustering.htm', 1, 2),
('luca', 'http://search.yahoo.com/mrss/', 1, 2),
('lyric', 'http://search.yahoo.com/mrss/', 1, 2),
('lyricist', 'http://search.yahoo.com/mrss/', 1, 2),
('lz', 'http://search.yahoo.com/mrss/', 1, 2),
('mac', 'http://qualven.com/wp-content/plugins/revslider/public/assets/js/jquery.themepunch.revolution.min.js?ver=5.4.3.1', 1, 2),
('machin', 'https://www.w3schools.com/html/default.asp', 2, 1),
('maci', 'http://sec.yimg.com/us.yimg.com/lib/s/ysch_adv_041201.css', 2, 1),
('mad', 'http://www.123greetings.com/rss/newsletterrss.xml', 2, 1),
('made', 'http://localhost/test3/clustering.htm', 1, 2),
('made', 'http://www.123greetings.com/rss/newsletterrss.xml', 10, 4),
('made', 'http://www.123greetings.com/stay_in_touch/', 1, 2),
('made', 'http://www.w3.org/', 1, 2),
('magnific', 'https://www.paknokri.com', 2, 1),
('main', 'http://localhost/school/', 1, 2),
('main', 'http://localhost/test1/index.html', 2, 1),
('main', 'http://localhost/test3/clustering.htm', 1, 2),
('main', 'http://localhost/test4/contentms.htm', 2, 1),
('main', 'http://www.w3.org/', 3, 1),
('main', 'https://www.iqra.edu.pk', 2, 1),
('maintain', 'http://localhost/test4/contentms.htm', 1, 2),
('major', 'http://search.yahoo.com/mrss/', 1, 2),
('make', 'http://localhost/test4/contentms.htm', 6, 1),
('make', 'http://qualven.com/wp-content/plugins/revslider/public/assets/js/jquery.themepunch.revolution.min.js?ver=5.4.3.1', 1, 2),
('make', 'http://search.yahoo.com/mrss/', 2, 1),
('make', 'http://www.123greetings.com/rss/daily_rss.xml', 2, 1),
('make', 'http://www.123greetings.com/rss/newsletterrss.xml', 8, 4),
('make', 'http://www.123greetings.com/rss/new_rss.xml', 2, 1),
('make', 'http://www.123greetings.com/stay_in_touch/', 8, 4),
('make', 'http://www.qualven.com', 1, 2),
('make', 'http://www.w3.org/', 1, 2),
('make', 'https://www.w3schools.com/html/default.asp', 1, 2),
('makkah', 'http://localhost/test2/index.htm', 1, 2),
('mall', 'http://www.123greetings.com/rss/newsletterrss.xml', 2, 1),
('man', 'http://localhost/test2/index.htm', 2, 1),
('manag', 'http://localhost/test1/index.html', 1, 2),
('manag', 'http://localhost/test4/contentms.htm', 7, 1),
('manag', 'http://www.qualven.com', 1, 2),
('manag', 'https://www.iqra.edu.pk', 2, 1),
('manag', 'https://www.paknokri.com', 2, 1),
('manual', 'http://localhost/test4/contentms.htm', 13, 4),
('manual', 'http://qualven.com/wp-content/plugins/revslider/public/assets/js/jquery.themepunch.revolution.min.js?ver=5.4.3.1', 1, 2),
('map', 'https://www.w3schools.com/html/default.asp', 1, 2),
('mar', 'http://localhost/test4/contentms.htm', 4, 1),
('mar', 'http://www.123greetings.com/stay_in_touch/', 2, 1),
('marc', 'http://search.yahoo.com/mrss/', 1, 2),
('market', 'http://www.123greetings.com/stay_in_touch/', 1, 2),
('market', 'http://www.qualven.com', 1, 2),
('markup', 'http://localhost/test4/contentms.htm', 1, 2),
('markup', 'http://www.w3.org/', 2, 1),
('markup', 'http://www.w3.org/2000/svg', 1, 2),
('markup', 'https://www.w3schools.com/html/default.asp', 1, 2),
('marwood', 'http://search.yahoo.com/mrss/', 1, 2),
('masterpiec', 'http://www.123greetings.com/rss/newsletterrss.xml', 2, 1),
('match', 'http://qualven.com/wp-content/plugins/contact-form-7/includes/js/scripts.js?ver=5.0.2', 1, 2),
('match', 'http://www.123greetings.com/rss/new_rss.xml', 2, 1),
('mathemat', 'http://localhost/test3/clustering.htm', 1, 2),
('matricul', 'https://www.paknokri.com', 2, 1),
('matter', 'http://localhost/test2/index.htm', 2, 1),
('maximu', 'http://localhost/test1/index.html', 1, 2),
('maximum', 'http://qualven.com/wp-content/plugins/contact-form-7/includes/js/scripts.js?ver=5.0.2', 3, 1),
('maximum', 'http://search.yahoo.com/mrss/', 1, 2),
('mcyra', 'http://localhost/test4/contentms.htm', 1, 2),
('mean', 'http://search.yahoo.com/mrss/', 2, 1),
('mean', 'http://www.w3.org/', 1, 2),
('meant', 'http://www.123greetings.com/rss/new_rss.xml', 2, 1),
('meantim', 'http://localhost/test4/contentms.htm', 1, 2),
('measur', 'http://localhost/test2/index.htm', 1, 2),
('measur', 'http://localhost/test3/clustering.htm', 8, 4),
('media', 'http://search.yahoo.com/mrss/', 48, 0),
('media', 'https://www.iqra.edu.pk', 3, 1),
('mediael', 'http://qualven.com/wp-includes/js/mediaelement/mediaelement-and-player.min.js?ver=2.22.0', 1, 2),
('medic', 'https://www.paknokri.com', 2, 1),
('meet', 'http://www.123greetings.com/rss/new_rss.xml', 2, 1),
('meet', 'http://www.w3.org/', 4, 1),
('megan', 'http://www.123greetings.com/rss/newsletterrss.xml', 2, 1),
('member', 'http://localhost/test3/clustering.htm', 1, 2),
('member', 'http://qualven.com/wp-content/themes/startit/assets/js/scrolltoplugin.min.js?ver=4.8.17', 1, 2),
('member', 'http://search.yahoo.com/mrss/', 2, 1),
('member', 'http://www.w3.org/', 3, 1),
('membership', 'http://localhost/test3/clustering.htm', 2, 1),
('membership', 'http://qualven.com/wp-content/themes/startit/assets/js/scrolltoplugin.min.js?ver=4.8.17', 1, 2),
('memori', 'http://www.123greetings.com/rss/new_rss.xml', 2, 1),
('mention', 'http://localhost/test4/contentms.htm', 5, 1),
('menu', 'http://localhost/test1/index.html', 1, 2),
('menu', 'http://localhost/test4/contentms.htm', 1, 2),
('menu', 'http://www.w3.org/', 1, 2),
('menual', 'http://localhost/test4/contentms.htm', 1, 2),
('mera', 'http://localhost/test1/index.html', 1, 2),
('merci', 'http://localhost/test2/index.htm', 2, 1),
('mere', 'http://localhost/test4/contentms.htm', 1, 2),
('mess', 'http://www.123greetings.com/rss/newsletterrss.xml', 2, 1),
('messag', 'http://localhost/test2/index.htm', 4, 1),
('messag', 'http://qualven.com/wp-content/plugins/contact-form-7/includes/js/scripts.js?ver=5.0.2', 2, 1),
('messag', 'http://www.123greetings.com/rss/new_rss.xml', 2, 1),
('messag', 'http://www.123greetings.com/stay_in_touch/', 1, 2),
('messag', 'https://www.w3schools.com/html/default.asp', 2, 1),
('messeng', 'http://localhost/test2/index.htm', 4, 1),
('met', 'http://www.123greetings.com/stay_in_touch/', 2, 1),
('metadata', 'http://search.yahoo.com/mrss/', 3, 1),
('method', 'http://localhost/test3/clustering.htm', 2, 1),
('method', 'http://qualven.com/wp-includes/js/jquery/ui/widget.min.js?ver=1.11.4', 3, 1),
('method', 'http://search.yahoo.com/mrss/', 1, 2),
('meticul', 'http://localhost/test4/contentms.htm', 1, 2),
('metric', 'http://localhost/test3/clustering.htm', 3, 1),
('microsoft', 'http://www.qualven.com', 1, 2),
('midcont', 'https://www.w3schools.com/html/default.asp', 1, 2),
('migrat', 'http://qualven.com/wp-includes/js/jquery/jquery-migrate.min.js?ver=1.4.1', 2, 1),
('mile', 'http://www.123greetings.com/stay_in_touch/', 1, 2),
('mime', 'http://search.yahoo.com/mrss/', 2, 1),
('mimic', 'http://qualven.com/wp-includes/js/mediaelement/mediaelement-and-player.min.js?ver=2.22.0', 1, 2),
('min', 'http://qualven.com/wp-content/plugins/revslider/public/assets/js/jquery.themepunch.revolution.min.js?ver=5.4.3.1', 1, 2),
('mind', 'http://www.123greetings.com/rss/newsletterrss.xml', 4, 1),
('mind', 'http://www.123greetings.com/rss/new_rss.xml', 2, 1),
('mind', 'http://www.qualven.com', 4, 1),
('mine', 'http://localhost/test4/contentms.htm', 4, 1),
('minimum', 'http://qualven.com/wp-content/plugins/contact-form-7/includes/js/scripts.js?ver=5.0.2', 3, 1),
('minkowski', 'http://localhost/test3/clustering.htm', 1, 2),
('minor', 'http://search.yahoo.com/mrss/', 1, 2),
('misconfigur', 'http://localhost/test4/contentms.htm', 2, 1),
('mislead', 'http://localhost/test3/clustering.htm', 1, 2),
('mismatch', 'http://qualven.com/wp-includes/js/jquery/ui/tabs.min.js?ver=1.11.4', 1, 2),
('miss', 'http://www.123greetings.com/stay_in_touch/', 4, 1),
('mission', 'http://localhost/test2/index.htm', 4, 1),
('mission', 'http://www.123greetings.com/rss/newsletterrss.xml', 2, 1),
('mission', 'http://www.w3.org/', 1, 2),
('mit', 'http://qualven.com/wp-content/themes/startit/assets/css/font-awesome/css/font-awesome.min.css?ver=4.8.17', 1, 2),
('mit', 'http://qualven.com/wp-includes/js/jquery/ui/accordion.min.js?ver=1.11.4', 1, 2),
('mit', 'http://qualven.com/wp-includes/js/jquery/ui/core.min.js?ver=1.11.4', 1, 2),
('mit', 'http://qualven.com/wp-includes/js/jquery/ui/mouse.min.js?ver=1.11.4', 1, 2),
('mit', 'http://qualven.com/wp-includes/js/jquery/ui/tabs.min.js?ver=1.11.4', 1, 2),
('mit', 'http://qualven.com/wp-includes/js/jquery/ui/widget.min.js?ver=1.11.4', 1, 2),
('mit', 'http://qualven.com/wp-includes/js/mediaelement/mediaelement-and-player.min.js?ver=2.22.0', 1, 2),
('mix', 'http://www.qualven.com', 8, 4),
('mobil', 'http://www.123greetings.com/stay_in_touch/', 5, 1),
('mobil', 'http://www.qualven.com', 2, 1),
('modal', 'https://www.iqra.edu.pk', 5, 1),
('modal', 'https://www.paknokri.com', 2, 1),
('model', 'http://localhost/test2/index.htm', 1, 2),
('modern', 'http://www.w3.org/', 1, 2);
INSERT INTO `keywords` (`keyword`, `webURL`, `freqOfWord`, `clusterNr`) VALUES
('modif', 'http://qualven.com/wp-content/plugins/revslider/public/assets/js/jquery.themepunch.revolution.min.js?ver=5.4.3.1', 1, 2),
('modifi', 'http://localhost/test4/contentms.htm', 1, 2),
('modul', 'http://localhost/test4/contentms.htm', 1, 2),
('modul', 'http://qualven.com/wp-content/plugins/revslider/public/assets/js/jquery.themepunch.revolution.min.js?ver=5.4.3.1', 1, 2),
('modul', 'http://search.yahoo.com/mrss/', 6, 1),
('mom', 'http://www.123greetings.com/rss/newsletterrss.xml', 6, 1),
('monei', 'http://www.123greetings.com/rss/newsletterrss.xml', 2, 1),
('monospac', 'http://localhost/test4/contentms.htm', 1, 2),
('month', 'http://localhost/test2/index.htm', 1, 2),
('month', 'http://localhost/test4/contentms.htm', 3, 1),
('moo', 'http://search.yahoo.com/mrss/', 1, 2),
('mood', 'http://www.123greetings.com/rss/daily_rss.xml', 2, 1),
('mose', 'http://localhost/test2/index.htm', 1, 2),
('mother', 'http://localhost/test4/contentms.htm', 1, 2),
('motiv', 'https://www.paknokri.com', 2, 1),
('motor', 'http://localhost/test3/clustering.htm', 1, 2),
('mould', 'http://localhost/test2/index.htm', 1, 2),
('mous', 'http://qualven.com/wp-includes/js/jquery/ui/mouse.min.js?ver=1.11.4', 1, 2),
('mouseov', 'http://qualven.com/wp-content/plugins/revslider/public/assets/js/jquery.themepunch.revolution.min.js?ver=5.4.3.1', 1, 2),
('move', 'http://iqra.edu.pk/main/popup5.html', 2, 1),
('move', 'http://ogp.me/ns', 2, 1),
('move', 'http://ogp.me/ns/fb', 2, 1),
('move', 'http://www.123greetings.com/rss/newsletterrss.xml', 8, 4),
('move', 'http://www.123greetings.com/stay_in_touch/', 4, 1),
('move', 'http://www.iqra.edu.pk/main/add/index.html', 2, 1),
('move', 'http://www.iqra.edu.pk/main/add/index2.html', 2, 1),
('move', 'http://www.iqra.edu.pk/main/fb/index2.html', 2, 1),
('move', 'http://www.iqra.edu.pk/main/orientation/intro_video.html', 2, 1),
('move', 'http://www.iqra.edu.pk/main/orientation/ramadantiming.html', 2, 1),
('move', 'http://www.iqra.edu.pk/main/test_results/notice.html', 2, 1),
('move', 'http://www.w3.org/1999/xhtml', 2, 1),
('move', 'http://www.w3.org/stylesheets/tr/base', 2, 1),
('movi', 'http://search.yahoo.com/mrss/', 2, 1),
('movi', 'http://www.123greetings.com/rss/newsletterrss.xml', 2, 1),
('ms', 'http://localhost/test4/contentms.htm', 1, 2),
('muhamad', 'http://localhost/test2/index.htm', 1, 2),
('muhammad', 'http://localhost/test2/index.htm', 7, 1),
('multimedia', 'http://search.yahoo.com/mrss/', 1, 2),
('multipl', 'http://search.yahoo.com/mrss/', 6, 1),
('multipl', 'http://www.w3.org/', 1, 2),
('munch', 'http://www.123greetings.com/rss/newsletterrss.xml', 2, 1),
('music', 'http://localhost/test1/index.html', 1, 2),
('music', 'http://search.yahoo.com/mrss/', 3, 1),
('music', 'http://www.123greetings.com/rss/newsletterrss.xml', 12, 4),
('musician', 'http://search.yahoo.com/mrss/', 1, 2),
('muslim', 'http://localhost/test2/index.htm', 1, 2),
('muzik', 'http://localhost/test1/index.html', 1, 2),
('mysql', 'http://localhost/test4/contentms.htm', 10, 4),
('mysql', 'https://www.w3schools.com/html/default.asp', 1, 2),
('name', 'http://localhost/test4/contentms.htm', 1, 2),
('name', 'http://www.w3.org/2000/svg', 1, 2),
('name', 'https://www.w3schools.com/html/default.asp', 1, 2),
('namespac', 'http://search.yahoo.com/mrss/', 2, 1),
('namespac', 'http://www.w3.org/2000/svg', 2, 1),
('narrat', 'http://www.123greetings.com/rss/daily_rss.xml', 2, 1),
('narrow', 'http://www.123greetings.com/rss/newsletterrss.xml', 2, 1),
('nation', 'http://localhost/test2/index.htm', 1, 2),
('nation', 'https://www.paknokri.com', 2, 1),
('nativ', 'http://www.qualven.com', 1, 2),
('natur', 'http://search.yahoo.com/mrss/', 1, 2),
('naukri', 'https://www.paknokri.com', 1, 2),
('navig', 'http://localhost/test4/contentms.htm', 1, 2),
('navig', 'http://www.w3.org/', 1, 2),
('nearest', 'http://localhost/test3/clustering.htm', 1, 2),
('need', 'http://qualven.com/wp-content/plugins/revslider/public/assets/js/jquery.themepunch.revolution.min.js?ver=5.4.3.1', 1, 2),
('need', 'http://search.yahoo.com/mrss/', 1, 2),
('netscap', 'http://localhost/test4/contentms.htm', 2, 1),
('new', 'http://www.123greetings.com/rss/newsletterrss.xml', 2, 1),
('new', 'http://www.qualven.com', 1, 2),
('new', 'https://www.iqra.edu.pk', 2, 1),
('newslett', 'http://www.123greetings.com/stay_in_touch/', 1, 2),
('nice', 'http://www.123greetings.com/stay_in_touch/', 6, 1),
('nich', 'http://www.qualven.com', 1, 2),
('night', 'http://localhost/test2/index.htm', 1, 2),
('night', 'http://www.w3.org/', 1, 2),
('ninth', 'http://www.123greetings.com/rss/newsletterrss.xml', 2, 1),
('noah', 'http://localhost/test2/index.htm', 1, 2),
('nod', 'http://www.123greetings.com/rss/newsletterrss.xml', 2, 1),
('nodej', 'https://www.w3schools.com/html/default.asp', 1, 2),
('nois', 'http://localhost/test3/clustering.htm', 1, 2),
('nokia', 'http://www.123greetings.com/stay_in_touch/', 1, 2),
('nokri', 'https://www.paknokri.com', 2, 1),
('nomin', 'http://localhost/test3/clustering.htm', 1, 2),
('nonc', 'http://qualven.com/wp-content/plugins/contact-form-7/includes/js/scripts.js?ver=5.0.2', 3, 1),
('norm', 'http://www.w3.org/', 1, 2),
('normal', 'http://qualven.com/wp-content/themes/startit/assets/css/dripicons/dripicons.css?ver=4.8.17', 6, 1),
('normal', 'http://qualven.com/wp-content/themes/startit/assets/css/font-awesome/css/font-awesome.min.css?ver=4.8.17', 2, 1),
('normal', 'http://qualven.com/wp-content/themes/startit/assets/css/linea-icons/style.css?ver=4.8.17', 18, 4),
('normal', 'http://search.yahoo.com/mrss/', 2, 1),
('normal', 'http://sec.yimg.com/us.yimg.com/lib/s/ysch_adv_041201.css', 1, 2),
('normal', 'http://www.qualven.com', 4, 1),
('noshad', 'http://localhost/test4/contentms.htm', 18, 4),
('notch', 'http://www.qualven.com', 1, 2),
('note', 'http://search.yahoo.com/mrss/', 2, 1),
('note', 'http://www.w3.org/', 1, 2),
('notic', 'http://localhost/test1/index.html', 1, 2),
('notransl', 'https://www.w3schools.com/html/default.asp', 1, 2),
('nov', 'http://localhost/test4/contentms.htm', 5, 1),
('nowrap', 'http://localhost/test4/contentms.htm', 2, 1),
('ntp', 'http://search.yahoo.com/mrss/', 3, 1),
('null', 'http://qualven.com/wp-content/plugins/contact-form-7/includes/js/scripts.js?ver=5.0.2', 1, 2),
('number', 'http://localhost/test3/clustering.htm', 3, 1),
('number', 'http://localhost/test4/contentms.htm', 2, 1),
('number', 'http://search.yahoo.com/mrss/', 6, 1),
('number', 'http://www.123greetings.com/rss/newsletterrss.xml', 2, 1),
('numer', 'http://www.w3.org/', 1, 2),
('numer', 'https://www.paknokri.com', 1, 2),
('nurtur', 'http://www.123greetings.com/stay_in_touch/', 2, 1),
('nut', 'http://www.123greetings.com/rss/newsletterrss.xml', 2, 1),
('nz', 'http://search.yahoo.com/mrss/', 1, 2),
('oa', 'http://www.123greetings.com/stay_in_touch/', 6, 1),
('obedi', 'http://localhost/test2/index.htm', 2, 1),
('obei', 'http://localhost/test2/index.htm', 2, 1),
('object', 'http://localhost/test3/clustering.htm', 9, 4),
('object', 'http://qualven.com/wp-includes/js/mediaelement/mediaelement-and-player.min.js?ver=2.22.0', 1, 2),
('object', 'http://search.yahoo.com/mrss/', 13, 4),
('oblig', 'http://search.yahoo.com/mrss/', 1, 2),
('observ', 'http://localhost/test3/clustering.htm', 1, 2),
('obviou', 'http://localhost/test3/clustering.htm', 1, 2),
('oct', 'http://localhost/test4/contentms.htm', 1, 2),
('offend', 'http://localhost/test4/contentms.htm', 4, 1),
('offer', 'http://www.123greetings.com/rss/new_rss.xml', 1, 2),
('offer', 'http://www.123greetings.com/stay_in_touch/', 2, 1),
('offer', 'http://www.qualven.com', 2, 1),
('offer', 'https://www.iqra.edu.pk', 1, 2),
('offer', 'https://www.paknokri.com', 1, 2),
('offic', 'http://www.123greetings.com/rss/newsletterrss.xml', 2, 1),
('offici', 'https://www.paknokri.com', 2, 1),
('offset', 'http://search.yahoo.com/mrss/', 2, 1),
('offshor', 'http://www.qualven.com', 1, 2),
('ofl', 'http://qualven.com/wp-content/themes/startit/assets/css/font-awesome/css/font-awesome.min.css?ver=4.8.17', 1, 2),
('ogg', 'http://qualven.com/wp-includes/js/mediaelement/mediaelement-and-player.min.js?ver=2.22.0', 1, 2),
('ol', 'http://qualven.com/wp-content/themes/startit/assets/css/modules.min.css?ver=4.8.17', 3, 1),
('older', 'http://qualven.com/wp-content/plugins/revslider/public/assets/js/jquery.themepunch.revolution.min.js?ver=5.4.3.1', 2, 1),
('ongo', 'http://www.w3.org/', 1, 2),
('onlin', 'http://localhost/test4/contentms.htm', 1, 2),
('onlin', 'http://qualven.com/wp-content/plugins/revslider/public/assets/js/jquery.themepunch.revolution.min.js?ver=5.4.3.1', 1, 2),
('onlin', 'http://www.123greetings.com/rss/daily_rss.xml', 2, 1),
('onlin', 'http://www.123greetings.com/rss/new_rss.xml', 2, 1),
('onlin', 'http://www.123greetings.com/stay_in_touch/', 2, 1),
('onlin', 'http://www.w3.org/', 1, 2),
('onlin', 'https://www.w3schools.com/html/default.asp', 1, 2),
('onmouseov', 'http://www.123greetings.com/stay_in_touch/', 4, 1),
('open', 'http://localhost/test4/contentms.htm', 4, 1),
('open', 'http://search.yahoo.com/mrss/', 2, 1),
('open', 'http://www.123greetings.com/rss/newsletterrss.xml', 6, 1),
('open', 'http://www.123greetings.com/stay_in_touch/', 2, 1),
('open', 'http://www.w3.org/', 6, 1),
('open', 'https://www.paknokri.com', 1, 2),
('opensourc', 'http://localhost/test4/contentms.htm', 1, 2),
('oper', 'http://search.yahoo.com/mrss/', 1, 2),
('oper', 'http://www.w3.org/', 2, 1),
('opera', 'http://www.123greetings.com/rss/newsletterrss.xml', 2, 1),
('opinion', 'http://localhost/test4/contentms.htm', 1, 2),
('optim', 'http://www.qualven.com', 1, 2),
('optim', 'https://www.w3schools.com/html/default.asp', 1, 2),
('option', 'http://localhost/test4/contentms.htm', 2, 1),
('option', 'http://qualven.com/wp-content/plugins/contact-form-7/includes/js/scripts.js?ver=5.0.2', 1, 2),
('option', 'http://search.yahoo.com/mrss/', 46, 0),
('option', 'https://www.iqra.edu.pk', 2, 1),
('orat', 'http://localhost/test2/index.htm', 1, 2),
('orchestra', 'http://search.yahoo.com/mrss/', 1, 2),
('order', 'http://localhost/test1/index.html', 2, 1),
('order', 'http://localhost/test3/clustering.htm', 1, 2),
('order', 'http://search.yahoo.com/mrss/', 3, 1),
('order', 'http://www.123greetings.com/rss/newsletterrss.xml', 2, 1),
('ordin', 'https://www.iqra.edu.pk', 1, 2),
('organ', 'http://localhost/test3/clustering.htm', 1, 2),
('organ', 'http://localhost/test4/contentms.htm', 1, 2),
('organ', 'http://search.yahoo.com/mrss/', 1, 2),
('organ', 'http://www.w3.org/', 3, 1),
('organ', 'https://www.paknokri.com', 2, 1),
('organ', 'https://www.w3schools.com/html/default.asp', 1, 2),
('origin', 'http://localhost/test2/index.htm', 1, 2),
('origin', 'http://search.yahoo.com/mrss/', 1, 2),
('orvil', 'http://www.123greetings.com/rss/newsletterrss.xml', 2, 1),
('os', 'http://localhost/test4/contentms.htm', 1, 2),
('os', 'http://qualven.com/wp-content/plugins/revslider/public/assets/js/jquery.themepunch.revolution.min.js?ver=5.4.3.1', 1, 2),
('os', 'http://qualven.com/wp-includes/js/mediaelement/mediaelement-and-player.min.js?ver=2.22.0', 1, 2),
('outdoor', 'http://www.123greetings.com/rss/newsletterrss.xml', 4, 1),
('output', 'http://www.w3.org/', 1, 2),
('output', 'https://www.paknokri.com', 1, 2),
('overlap', 'http://localhost/test3/clustering.htm', 1, 2),
('overlap', 'http://search.yahoo.com/mrss/', 1, 2),
('overrid', 'http://localhost/test4/contentms.htm', 1, 2),
('ow', 'http://www.123greetings.com/stay_in_touch/', 2, 1),
('owner', 'http://qualven.com/wp-content/plugins/contact-form-7/includes/js/scripts.js?ver=5.0.2', 2, 1),
('oz', 'http://search.yahoo.com/mrss/', 1, 2),
('paan', 'http://localhost/test1/index.html', 1, 2),
('pace', 'http://www.123greetings.com/stay_in_touch/', 2, 1),
('packag', 'http://localhost/test4/contentms.htm', 1, 2),
('packag', 'https://www.paknokri.com', 1, 2),
('page', 'http://localhost/school/', 1, 2),
('page', 'http://localhost/test2/index.htm', 1, 2),
('page', 'http://localhost/test4/contentms.htm', 3, 1),
('page', 'http://search.yahoo.com/mrss/', 1, 2),
('page', 'http://www.123greetings.com/stay_in_touch/', 7, 1),
('page', 'http://www.qualven.com', 2, 1),
('page', 'http://www.w3.org/', 6, 1),
('page', 'https://www.iqra.edu.pk', 2, 1),
('pagetrack', 'http://localhost/test4/contentms.htm', 1, 2),
('pak', 'https://www.paknokri.com', 1, 2),
('pakistan', 'http://localhost/school/', 1, 2),
('pakistan', 'https://www.iqra.edu.pk', 2, 1),
('pakistan', 'https://www.paknokri.com', 2, 1),
('pakistani', 'https://www.paknokri.com', 2, 1),
('paknokri', 'https://www.paknokri.com', 2, 1),
('paragraph', 'https://www.w3schools.com/html/default.asp', 1, 2),
('parallax', 'http://www.qualven.com', 1, 2),
('param', 'http://qualven.com/wp-content/plugins/contact-form-7/includes/js/scripts.js?ver=5.0.2', 2, 1),
('paramed', 'http://www.123greetings.com/rss/newsletterrss.xml', 2, 1),
('parent', 'http://www.123greetings.com/rss/newsletterrss.xml', 2, 1),
('pari', 'http://localhost/test2/index.htm', 1, 2),
('park', 'http://www.123greetings.com/rss/newsletterrss.xml', 2, 1),
('pars', 'http://localhost/test4/contentms.htm', 1, 2),
('parser', 'http://localhost/test4/contentms.htm', 4, 1),
('part', 'http://localhost/test4/contentms.htm', 3, 1),
('part', 'http://www.123greetings.com/stay_in_touch/', 2, 1),
('part', 'http://www.w3.org/', 2, 1),
('particip', 'http://www.w3.org/', 1, 2),
('pass', 'http://qualven.com/wp-includes/js/jquery/jquery-migrate.min.js?ver=1.4.1', 1, 2),
('passion', 'http://www.w3.org/', 1, 2),
('password', 'http://localhost/test4/contentms.htm', 8, 4),
('password', 'https://www.paknokri.com', 1, 2),
('past', 'http://localhost/test3/clustering.htm', 1, 2),
('past', 'http://localhost/test4/contentms.htm', 1, 2),
('path', 'http://localhost/test4/contentms.htm', 1, 2),
('path', 'http://qualven.com/wp-content/plugins/contact-form-7/includes/js/scripts.js?ver=5.0.2', 2, 1),
('pathnam', 'https://www.w3schools.com/html/default.asp', 3, 1),
('pcie', 'http://sec.yimg.com/us.yimg.com/lib/s/ysch_adv_041201.css', 1, 2),
('pdt', 'http://search.yahoo.com/mrss/', 1, 2),
('peopl', 'http://localhost/test2/index.htm', 1, 2),
('peopl', 'http://localhost/test4/contentms.htm', 6, 1),
('peopl', 'http://search.yahoo.com/mrss/', 1, 2),
('peopl', 'http://www.123greetings.com/rss/newsletterrss.xml', 6, 1),
('peopl', 'http://www.123greetings.com/stay_in_touch/', 6, 1),
('peopl', 'http://www.w3.org/', 2, 1),
('pep', 'http://www.123greetings.com/stay_in_touch/', 2, 1),
('perfect', 'http://www.qualven.com', 2, 1),
('perform', 'http://search.yahoo.com/mrss/', 1, 2),
('perform', 'http://www.w3.org/', 2, 1),
('permalink', 'https://www.iqra.edu.pk', 3, 1),
('permiss', 'http://search.yahoo.com/mrss/', 1, 2),
('permit', 'http://search.yahoo.com/mrss/', 1, 2),
('person', 'http://localhost/test2/index.htm', 3, 1),
('person', 'http://search.yahoo.com/mrss/', 1, 2),
('person', 'http://www.123greetings.com/rss/new_rss.xml', 2, 1),
('person', 'http://www.123greetings.com/stay_in_touch/', 1, 2),
('perspect', 'http://www.w3.org/', 1, 2),
('pet', 'http://search.yahoo.com/mrss/', 1, 2),
('peter', 'http://search.yahoo.com/mrss/', 1, 2),
('phase', 'http://www.qualven.com', 1, 2),
('phd', 'https://www.iqra.edu.pk', 1, 2),
('phone', 'http://www.123greetings.com/stay_in_touch/', 3, 1),
('phone', 'http://www.qualven.com', 1, 2),
('photograph', 'http://search.yahoo.com/mrss/', 1, 2),
('photoshop', 'http://qualven.com/wp-content/uploads/2015/10/graphic-2-home-main.png', 1, 2),
('photoshop', 'http://qualven.com/wp-content/uploads/2016/07/testimonials-8.png', 1, 2),
('photoshop', 'http://qualven.com/wp-content/uploads/2016/07/testimonials-9.png', 1, 2),
('php', 'http://localhost/test4/contentms.htm', 8, 4),
('php', 'https://www.w3schools.com/html/default.asp', 3, 1),
('phpcm', 'http://localhost/test4/contentms.htm', 18, 4),
('phrase', 'http://search.yahoo.com/mrss/', 1, 2),
('phun', 'http://localhost/test4/contentms.htm', 1, 2),
('physic', 'http://localhost/test3/clustering.htm', 2, 1),
('piano', 'http://www.123greetings.com/rss/newsletterrss.xml', 2, 1),
('pictur', 'http://www.qualven.com', 2, 1),
('pictur', 'https://www.w3schools.com/html/default.asp', 1, 2),
('piec', 'http://localhost/test4/contentms.htm', 4, 1),
('pile', 'http://www.123greetings.com/rss/newsletterrss.xml', 2, 1),
('place', 'http://localhost/test4/contentms.htm', 1, 2),
('place', 'http://www.123greetings.com/rss/newsletterrss.xml', 6, 1),
('placehold', 'http://qualven.com/wp-content/plugins/contact-form-7/includes/js/scripts.js?ver=5.0.2', 1, 2),
('placement', 'https://www.iqra.edu.pk', 1, 2),
('plai', 'http://qualven.com/wp-includes/js/mediaelement/mediaelement-and-player.min.js?ver=2.22.0', 2, 1),
('plai', 'http://search.yahoo.com/mrss/', 3, 1),
('plai', 'http://www.123greetings.com/rss/newsletterrss.xml', 4, 1),
('plai', 'http://www.123greetings.com/stay_in_touch/', 1, 2),
('plan', 'http://www.123greetings.com/rss/newsletterrss.xml', 2, 1),
('plan', 'http://www.qualven.com', 1, 2),
('plant', 'http://localhost/test3/clustering.htm', 1, 2),
('platform', 'http://www.w3.org/', 5, 1),
('player', 'http://qualven.com/wp-includes/js/mediaelement/mediaelement-and-player.min.js?ver=2.22.0', 1, 2),
('player', 'http://search.yahoo.com/mrss/', 3, 1),
('pleasur', 'http://www.123greetings.com/rss/newsletterrss.xml', 2, 1),
('plugin', 'http://qualven.com/wp-content/plugins/revslider/public/assets/js/jquery.themepunch.revolution.min.js?ver=5.4.3.1', 1, 2),
('plugin', 'http://www.qualven.com', 2, 1),
('po', 'https://www.paknokri.com', 1, 2),
('po', 'https://www.w3schools.com/html/default.asp', 6, 1),
('pocket', 'http://www.123greetings.com/rss/newsletterrss.xml', 2, 1),
('point', 'http://localhost/test3/clustering.htm', 3, 1),
('point', 'http://localhost/test4/contentms.htm', 1, 2),
('point', 'http://www.qualven.com', 1, 2),
('poland', 'http://www.123greetings.com/stay_in_touch/', 1, 2),
('polici', 'http://localhost/test3/clustering.htm', 1, 2),
('polici', 'http://www.w3.org/', 1, 2),
('polit', 'http://localhost/test2/index.htm', 1, 2),
('polyfil', 'http://qualven.com/wp-content/plugins/contact-form-7/includes/js/scripts.js?ver=5.0.2', 1, 2),
('pongal', 'http://www.123greetings.com/rss/daily_rss.xml', 2, 1),
('pop', 'http://localhost/test1/index.html', 1, 2),
('popul', 'http://www.w3.org/', 1, 2),
('popular', 'http://localhost/test3/clustering.htm', 1, 2),
('popular', 'http://www.123greetings.com/stay_in_touch/', 2, 1),
('popular', 'http://www.w3.org/', 1, 2),
('portal', 'https://www.paknokri.com', 1, 2),
('portfolio', 'https://www.iqra.edu.pk', 1, 2),
('posit', 'http://www.w3.org/', 2, 1),
('post', 'http://localhost/test4/contentms.htm', 4, 1),
('post', 'https://www.iqra.edu.pk', 1, 2),
('postcard', 'http://www.123greetings.com/rss/new_rss.xml', 1, 2),
('potenti', 'http://www.w3.org/', 1, 2),
('power', 'https://www.w3schools.com/html/default.asp', 1, 2),
('pp', 'http://localhost/test2/index.htm', 1, 2),
('practic', 'http://www.w3.org/', 1, 2),
('preciou', 'http://www.123greetings.com/stay_in_touch/', 2, 1),
('predestin', 'http://localhost/test2/index.htm', 1, 2),
('prefer', 'http://search.yahoo.com/mrss/', 1, 2),
('prepar', 'http://www.123greetings.com/rss/newsletterrss.xml', 2, 1),
('present', 'http://www.qualven.com', 1, 2),
('present', 'http://www.w3.org/', 5, 1),
('presiz', 'http://www.qualven.com', 1, 2),
('prestigi', 'https://www.paknokri.com', 2, 1),
('pretti', 'http://www.123greetings.com/rss/newsletterrss.xml', 2, 1),
('previous', 'http://search.yahoo.com/mrss/', 1, 2),
('previous', 'http://www.w3.org/', 1, 2),
('previous', 'https://www.iqra.edu.pk', 1, 2),
('primari', 'http://search.yahoo.com/mrss/', 3, 1),
('printabl', 'http://www.123greetings.com/rss/new_rss.xml', 1, 2),
('prior', 'http://qualven.com/wp-includes/js/jquery/ui/widget.min.js?ver=1.11.4', 1, 2),
('prioriti', 'http://search.yahoo.com/mrss/', 2, 1),
('privaci', 'http://www.w3.org/', 1, 2),
('privaci', 'https://www.w3schools.com/html/default.asp', 1, 2),
('probabilist', 'http://localhost/test3/clustering.htm', 1, 2),
('problem', 'http://localhost/test3/clustering.htm', 3, 1),
('problem', 'http://localhost/test4/contentms.htm', 2, 1),
('problem', 'http://www.qualven.com', 1, 2),
('problemat', 'http://localhost/test3/clustering.htm', 1, 2),
('process', 'http://localhost/test3/clustering.htm', 1, 2),
('process', 'http://localhost/test4/contentms.htm', 1, 2),
('process', 'http://www.qualven.com', 1, 2),
('process', 'http://www.w3.org/', 1, 2),
('procur', 'http://www.qualven.com', 1, 2),
('produc', 'http://search.yahoo.com/mrss/', 2, 1),
('produc', 'http://www.123greetings.com/rss/newsletterrss.xml', 2, 1),
('produc', 'http://www.123greetings.com/stay_in_touch/', 1, 2),
('product', 'http://localhost/test4/contentms.htm', 7, 1),
('product', 'http://www.qualven.com', 4, 1),
('profession', 'http://www.123greetings.com/stay_in_touch/', 1, 2),
('profession', 'http://www.qualven.com', 2, 1),
('profession', 'https://www.iqra.edu.pk', 1, 2),
('profession', 'https://www.paknokri.com', 2, 1),
('program', 'http://localhost/test4/contentms.htm', 1, 2),
('program', 'http://www.w3.org/', 1, 2),
('program', 'https://www.w3schools.com/html/default.asp', 1, 2),
('programm', 'https://www.iqra.edu.pk', 1, 2),
('programmat', 'http://www.w3.org/', 1, 2),
('project', 'http://localhost/test4/contentms.htm', 9, 4),
('pronounc', 'http://www.w3.org/', 1, 2),
('pronunci', 'http://www.w3.org/', 1, 2),
('prop', 'http://qualven.com/wp-includes/js/jquery/jquery-migrate.min.js?ver=1.4.1', 1, 2),
('proper', 'http://localhost/test4/contentms.htm', 1, 2),
('proper', 'http://search.yahoo.com/mrss/', 1, 2),
('properli', 'http://www.w3.org/', 1, 2),
('properti', 'http://localhost/test3/clustering.htm', 2, 1),
('properti', 'http://qualven.com/wp-includes/js/jquery/jquery-migrate.min.js?ver=1.4.1', 1, 2),
('prophet', 'http://localhost/test2/index.htm', 8, 4),
('propos', 'http://localhost/test3/clustering.htm', 1, 2),
('propos', 'http://search.yahoo.com/mrss/', 1, 2),
('propos', 'http://www.w3.org/', 2, 1),
('provid', 'http://localhost/test4/contentms.htm', 3, 1),
('provid', 'http://qualven.com/wp-includes/js/mediaelement/mediaelement-and-player.min.js?ver=2.22.0', 1, 2),
('provid', 'http://search.yahoo.com/mrss/', 2, 1),
('provid', 'http://www.qualven.com', 3, 1),
('provid', 'http://www.w3.org/', 1, 2),
('provid', 'https://www.iqra.edu.pk', 1, 2),
('public', 'http://localhost/test1/index.html', 1, 2),
('public', 'http://localhost/test2/index.htm', 1, 2),
('public', 'http://localhost/test3/clustering.htm', 1, 2),
('public', 'http://localhost/test4/contentms.htm', 3, 1),
('public', 'http://search.yahoo.com/mrss/', 1, 2),
('public', 'http://www.w3.org/', 17, 4),
('public', 'http://www.w3.org/1999/xhtml', 1, 2),
('public', 'http://www.w3.org/2000/svg', 1, 2),
('public', 'http://www.w3.org/stylesheets/tr/base', 1, 2),
('public', 'https://www.paknokri.com', 2, 1),
('publish', 'http://localhost/test2/index.htm', 1, 2),
('publish', 'http://search.yahoo.com/mrss/', 3, 1),
('publish', 'http://www.w3.org/', 7, 1),
('puke', 'http://localhost/test4/contentms.htm', 3, 1),
('pure', 'http://search.yahoo.com/mrss/', 1, 2),
('pure', 'http://www.123greetings.com/rss/new_rss.xml', 2, 1),
('purg', 'http://qualven.com/wp-content/plugins/revslider/public/assets/js/jquery.themepunch.revolution.min.js?ver=5.4.3.1', 2, 1),
('purpos', 'http://localhost/test4/contentms.htm', 1, 2),
('put', 'http://localhost/test4/contentms.htm', 3, 1),
('put', 'http://www.123greetings.com/rss/newsletterrss.xml', 8, 4),
('python', 'https://www.w3schools.com/html/default.asp', 3, 1),
('qa', 'http://www.qualven.com', 1, 2),
('qec', 'https://www.iqra.edu.pk', 1, 2),
('qodecoreajaxurl', 'http://www.qualven.com', 1, 2),
('qodefglobalvar', 'http://www.qualven.com', 1, 2),
('qodefperpagevar', 'http://www.qualven.com', 1, 2),
('qualiti', 'http://www.qualven.com', 1, 2),
('quanta', 'http://localhost/test4/contentms.htm', 1, 2),
('queri', 'https://www.iqra.edu.pk', 2, 1),
('question', 'http://localhost/test2/index.htm', 2, 1),
('question', 'http://www.123greetings.com/rss/newsletterrss.xml', 2, 1),
('question', 'http://www.qualven.com', 1, 2),
('quirk', 'http://qualven.com/wp-includes/js/jquery/jquery-migrate.min.js?ver=1.4.1', 1, 2),
('quiz', 'https://www.w3schools.com/html/default.asp', 2, 1),
('quot', 'http://localhost/test4/contentms.htm', 1, 2),
('quot', 'http://www.123greetings.com/rss/new_rss.xml', 1, 2),
('quotat', 'http://www.qualven.com', 1, 2),
('quran', 'http://localhost/test2/index.htm', 6, 1),
('raat', 'http://localhost/test1/index.html', 1, 2),
('rachel', 'http://www.123greetings.com/rss/newsletterrss.xml', 2, 1),
('radio', 'http://qualven.com/wp-content/plugins/contact-form-7/includes/js/scripts.js?ver=5.0.2', 1, 2),
('ramadan', 'http://localhost/test2/index.htm', 1, 2),
('ran', 'http://localhost/test4/contentms.htm', 1, 2),
('random', 'http://localhost/test4/contentms.htm', 2, 1),
('random', 'https://www.iqra.edu.pk', 1, 2),
('rang', 'http://www.qualven.com', 1, 2),
('rang', 'https://www.iqra.edu.pk', 1, 2),
('rank', 'http://localhost/test2/index.htm', 1, 2),
('rank', 'https://www.iqra.edu.pk', 1, 2),
('raspberri', 'https://www.w3schools.com/html/default.asp', 1, 2),
('rate', 'http://search.yahoo.com/mrss/', 2, 1),
('ration', 'http://localhost/test2/index.htm', 1, 2),
('ratti', 'http://www.123greetings.com/rss/newsletterrss.xml', 2, 1),
('rawalpindi', 'http://www.qualven.com', 1, 2),
('reach', 'http://localhost/test3/clustering.htm', 1, 2),
('reach', 'http://www.123greetings.com/rss/daily_rss.xml', 2, 1),
('reach', 'http://www.123greetings.com/rss/newsletterrss.xml', 2, 1),
('reach', 'http://www.123greetings.com/rss/new_rss.xml', 2, 1),
('reach', 'http://www.123greetings.com/stay_in_touch/', 2, 1),
('react', 'https://www.w3schools.com/html/default.asp', 1, 2),
('read', 'http://localhost/test2/index.htm', 1, 2),
('read', 'http://localhost/test4/contentms.htm', 6, 1),
('read', 'http://www.123greetings.com/rss/newsletterrss.xml', 4, 1),
('read', 'https://www.w3schools.com/html/default.asp', 2, 1),
('readabl', 'http://search.yahoo.com/mrss/', 2, 1),
('reader', 'http://localhost/test2/index.htm', 1, 2),
('reader', 'http://search.yahoo.com/mrss/', 2, 1),
('reader', 'http://www.w3.org/', 1, 2),
('readi', 'http://www.123greetings.com/rss/newsletterrss.xml', 2, 1),
('real', 'http://localhost/test4/contentms.htm', 3, 1),
('real', 'http://www.w3.org/', 1, 2),
('realiz', 'http://localhost/test3/clustering.htm', 1, 2),
('reason', 'http://www.w3.org/', 1, 2),
('receiv', 'http://www.123greetings.com/stay_in_touch/', 4, 1),
('recent', 'http://localhost/test4/contentms.htm', 1, 2),
('recent', 'http://search.yahoo.com/mrss/', 1, 2),
('recommend', 'http://www.w3.org/', 3, 1),
('record', 'http://localhost/test4/contentms.htm', 1, 2),
('record', 'http://search.yahoo.com/mrss/', 1, 2),
('rect', 'https://www.w3schools.com/html/default.asp', 2, 1),
('red', 'http://www.123greetings.com/rss/newsletterrss.xml', 2, 1),
('redund', 'http://search.yahoo.com/mrss/', 1, 2),
('ref', 'http://www.123greetings.com/stay_in_touch/', 1, 2),
('refer', 'http://www.qualven.com', 1, 2),
('refer', 'http://www.w3.org/2000/svg', 3, 1),
('refer', 'https://www.w3schools.com/html/default.asp', 3, 1),
('refillcaptcha', 'http://qualven.com/wp-content/plugins/contact-form-7/includes/js/scripts.js?ver=5.0.2', 1, 2),
('refillquiz', 'http://qualven.com/wp-content/plugins/contact-form-7/includes/js/scripts.js?ver=5.0.2', 1, 2),
('reflect', 'http://www.qualven.com', 1, 2),
('reflect', 'http://www.w3.org/', 1, 2),
('refsn', 'https://www.w3schools.com/html/default.asp', 1, 2),
('refund', 'https://www.iqra.edu.pk', 1, 2),
('regist', 'http://www.w3.org/', 1, 2),
('rel', 'http://localhost/test3/clustering.htm', 1, 2),
('rel', 'https://www.iqra.edu.pk', 1, 2),
('relat', 'http://localhost/test2/index.htm', 1, 2),
('relat', 'http://search.yahoo.com/mrss/', 2, 1),
('relat', 'http://www.123greetings.com/stay_in_touch/', 2, 1),
('relat', 'http://www.qualven.com', 1, 2),
('relat', 'http://www.w3.org/', 2, 1),
('relationship', 'http://search.yahoo.com/mrss/', 3, 1),
('relationship', 'http://www.123greetings.com/stay_in_touch/', 4, 1),
('releas', 'http://localhost/test4/contentms.htm', 1, 2),
('releas', 'http://qualven.com/wp-includes/js/jquery/ui/accordion.min.js?ver=1.11.4', 1, 2),
('releas', 'http://qualven.com/wp-includes/js/jquery/ui/core.min.js?ver=1.11.4', 1, 2),
('releas', 'http://qualven.com/wp-includes/js/jquery/ui/mouse.min.js?ver=1.11.4', 1, 2),
('releas', 'http://qualven.com/wp-includes/js/jquery/ui/tabs.min.js?ver=1.11.4', 1, 2),
('releas', 'http://qualven.com/wp-includes/js/jquery/ui/widget.min.js?ver=1.11.4', 1, 2),
('releas', 'http://www.w3.org/', 1, 2),
('relev', 'http://search.yahoo.com/mrss/', 2, 1),
('relev', 'http://www.w3.org/', 1, 2),
('religi', 'http://localhost/test2/index.htm', 3, 1),
('religion', 'http://localhost/test2/index.htm', 2, 1),
('remark', 'http://www.qualven.com', 1, 2),
('rememb', 'http://www.123greetings.com/rss/newsletterrss.xml', 2, 1),
('remov', 'http://localhost/test1/index.html', 2, 1),
('remov', 'http://search.yahoo.com/mrss/', 1, 2),
('render', 'http://qualven.com/wp-content/themes/startit/assets/css/simple-line-icons/simple-line-icons.css?ver=4.8.17', 1, 2),
('render', 'http://search.yahoo.com/mrss/', 1, 2),
('render', 'http://www.w3.org/', 1, 2),
('replac', 'http://qualven.com/wp-includes/js/jquery/jquery-migrate.min.js?ver=1.4.1', 1, 2),
('replac', 'http://search.yahoo.com/mrss/', 2, 1),
('repli', 'http://www.123greetings.com/rss/newsletterrss.xml', 2, 1),
('report', 'http://search.yahoo.com/mrss/', 1, 2),
('report', 'http://www.qualven.com', 1, 2),
('report', 'http://www.w3.org/2000/svg', 1, 2),
('report', 'https://www.w3schools.com/html/default.asp', 1, 2),
('repositori', 'http://www.w3.org/', 2, 1),
('repres', 'http://localhost/test3/clustering.htm', 1, 2),
('repres', 'http://search.yahoo.com/mrss/', 4, 1),
('represent', 'http://www.qualven.com', 1, 2),
('request', 'http://search.yahoo.com/mrss/', 1, 2),
('requier', 'http://qualven.com/wp-content/plugins/revslider/public/assets/js/jquery.themepunch.revolution.min.js?ver=5.4.3.1', 1, 2),
('requir', 'http://localhost/test3/clustering.htm', 3, 1),
('requir', 'http://localhost/test4/contentms.htm', 1, 2),
('requir', 'http://qualven.com/wp-content/plugins/revslider/public/assets/js/jquery.themepunch.revolution.min.js?ver=5.4.3.1', 2, 1),
('requir', 'http://qualven.com/wp-includes/js/jquery/jquery-migrate.min.js?ver=1.4.1', 1, 2),
('requir', 'http://search.yahoo.com/mrss/', 8, 4),
('requir', 'http://www.qualven.com', 1, 2),
('requir', 'http://www.w3.org/', 7, 1),
('rescu', 'http://localhost/test4/contentms.htm', 1, 2),
('rescu', 'http://www.123greetings.com/rss/newsletterrss.xml', 2, 1),
('research', 'http://www.qualven.com', 1, 2),
('research', 'http://www.w3.org/', 1, 2),
('research', 'https://www.iqra.edu.pk', 1, 2),
('research', 'https://www.paknokri.com', 1, 2),
('reserv', 'http://qualven.com/wp-content/themes/startit/assets/js/scrolltoplugin.min.js?ver=4.8.17', 1, 2),
('reserv', 'http://www.123greetings.com/stay_in_touch/', 2, 1),
('reserv', 'https://www.iqra.edu.pk', 1, 2),
('reserv', 'https://www.paknokri.com', 1, 2),
('resiz', 'https://www.paknokri.com', 1, 2),
('resourc', 'http://www.qualven.com', 2, 1),
('resourc', 'http://www.w3.org/', 2, 1),
('resourc', 'https://www.iqra.edu.pk', 1, 2),
('respect', 'http://localhost/test2/index.htm', 1, 2),
('respond', 'http://localhost/test4/contentms.htm', 1, 2),
('respons', 'http://localhost/test4/contentms.htm', 4, 1),
('respons', 'http://www.qualven.com', 2, 1),
('respons', 'https://www.paknokri.com', 1, 2),
('restor', 'http://localhost/test2/index.htm', 1, 2),
('restrict', 'http://search.yahoo.com/mrss/', 7, 1),
('result', 'http://localhost/test3/clustering.htm', 2, 1),
('result', 'https://www.iqra.edu.pk', 1, 2),
('retina', 'https://www.iqra.edu.pk', 2, 1),
('retreat', 'http://localhost/test2/index.htm', 1, 2),
('return', 'http://qualven.com/wp-content/plugins/contact-form-7/includes/js/scripts.js?ver=5.0.2', 1, 2),
('return', 'http://www.w3.org/', 1, 2),
('return', 'https://www.iqra.edu.pk', 9, 4),
('return', 'https://www.w3schools.com/html/default.asp', 7, 1),
('review', 'http://search.yahoo.com/mrss/', 3, 1),
('review', 'https://www.w3schools.com/html/default.asp', 1, 2),
('revis', 'http://search.yahoo.com/mrss/', 1, 2),
('revisit', 'http://localhost/test1/index.html', 1, 2),
('revolut', 'http://qualven.com/wp-content/plugins/revslider/public/assets/js/jquery.themepunch.revolution.min.js?ver=5.4.3.1', 10, 4),
('revolut', 'http://www.qualven.com', 1, 2),
('revolut', 'https://www.iqra.edu.pk', 2, 1),
('reward', 'http://localhost/test2/index.htm', 1, 2),
('rfc', 'http://search.yahoo.com/mrss/', 2, 1),
('rich', 'https://www.iqra.edu.pk', 1, 2),
('rick', 'http://www.123greetings.com/rss/newsletterrss.xml', 10, 4),
('right', 'http://localhost/test1/index.html', 1, 2),
('right', 'http://localhost/test2/index.htm', 1, 2),
('right', 'http://localhost/test4/contentms.htm', 1, 2),
('right', 'http://qualven.com/wp-content/themes/startit/assets/js/scrolltoplugin.min.js?ver=4.8.17', 1, 2),
('right', 'http://search.yahoo.com/mrss/', 1, 2),
('right', 'http://www.123greetings.com/rss/daily_rss.xml', 1, 2),
('right', 'http://www.123greetings.com/rss/newsletterrss.xml', 1, 2),
('right', 'http://www.123greetings.com/rss/new_rss.xml', 1, 2),
('right', 'http://www.123greetings.com/stay_in_touch/', 1, 2),
('right', 'https://www.iqra.edu.pk', 1, 2),
('right', 'https://www.paknokri.com', 1, 2),
('right', 'https://www.w3schools.com/html/default.asp', 1, 2),
('rightbottommediumrectangl', 'https://www.w3schools.com/html/default.asp', 1, 2),
('road', 'http://www.123greetings.com/rss/newsletterrss.xml', 2, 1),
('road', 'http://www.qualven.com', 1, 2),
('robert', 'http://search.yahoo.com/mrss/', 1, 2),
('robot', 'http://search.yahoo.com/mrss/', 1, 2),
('roboto', 'https://www.w3schools.com/html/default.asp', 2, 1),
('robust', 'http://search.yahoo.com/mrss/', 1, 2),
('rock', 'http://www.123greetings.com/rss/newsletterrss.xml', 2, 1),
('role', 'http://search.yahoo.com/mrss/', 4, 1),
('roman', 'http://localhost/test1/index.html', 5, 1),
('roman', 'http://localhost/test2/index.htm', 39, 0),
('roman', 'http://localhost/test3/clustering.htm', 46, 0),
('roman', 'http://www.123greetings.com/stay_in_touch/', 1, 2),
('romant', 'http://www.123greetings.com/rss/new_rss.xml', 1, 2),
('roof', 'http://www.123greetings.com/rss/newsletterrss.xml', 6, 1),
('room', 'http://www.123greetings.com/rss/newsletterrss.xml', 4, 1),
('root', 'http://localhost/test4/contentms.htm', 5, 1),
('round', 'http://www.123greetings.com/rss/daily_rss.xml', 2, 1),
('row', 'https://www.iqra.edu.pk', 1, 2),
('rss', 'http://localhost/test4/contentms.htm', 1, 2),
('rss', 'http://search.yahoo.com/mrss/', 17, 4),
('rss', 'http://www.123greetings.com/stay_in_touch/', 7, 1),
('rtc', 'http://www.w3.org/', 2, 1),
('rtsp', 'http://search.yahoo.com/mrss/', 1, 2),
('run', 'http://localhost/test4/contentms.htm', 5, 1),
('run', 'http://qualven.com/wp-content/plugins/revslider/public/assets/js/jquery.themepunch.revolution.min.js?ver=5.4.3.1', 1, 2),
('run', 'http://www.w3.org/', 1, 2),
('sabr', 'http://localhost/test2/index.htm', 1, 2),
('salari', 'https://www.paknokri.com', 1, 2),
('salut', 'http://localhost/test2/index.htm', 1, 2),
('sampl', 'http://search.yahoo.com/mrss/', 3, 1),
('san', 'http://localhost/test1/index.html', 15, 4),
('san', 'http://www.123greetings.com/stay_in_touch/', 22, 4),
('san', 'https://www.w3schools.com/html/default.asp', 6, 1),
('satisfact', 'http://www.qualven.com', 1, 2),
('satisfi', 'http://localhost/test3/clustering.htm', 1, 2),
('satisfi', 'http://www.w3.org/', 1, 2),
('saudi', 'http://localhost/test2/index.htm', 1, 2),
('save', 'http://localhost/test2/index.htm', 2, 1),
('save', 'http://localhost/test3/clustering.htm', 1, 2),
('save', 'http://localhost/test4/contentms.htm', 2, 1),
('scalabl', 'http://www.w3.org/2000/svg', 1, 2),
('scale', 'http://localhost/test3/clustering.htm', 2, 1),
('scarf', 'http://www.123greetings.com/rss/newsletterrss.xml', 2, 1),
('scenario', 'http://www.w3.org/', 1, 2),
('schedul', 'http://search.yahoo.com/mrss/', 1, 2),
('schema', 'https://www.w3schools.com/html/default.asp', 1, 2),
('scheme', 'http://search.yahoo.com/mrss/', 3, 1),
('school', 'http://localhost/school/', 2, 1),
('scienc', 'https://www.iqra.edu.pk', 4, 1),
('scienc', 'https://www.w3schools.com/html/default.asp', 1, 2),
('scientif', 'https://www.paknokri.com', 1, 2),
('screen', 'http://localhost/test4/contentms.htm', 2, 1),
('screen', 'http://qualven.com/wp-content/themes/startit/assets/css/blog-responsive.min.css?ver=4.8.17', 6, 1),
('screen', 'http://qualven.com/wp-content/themes/startit/assets/css/modules-responsive.min.css?ver=4.8.17', 93, 0),
('screen', 'http://qualven.com/wp-content/themes/startit/assets/css/modules.min.css?ver=4.8.17', 4, 1),
('screen', 'http://qualven.com/wp-content/themes/startit/assets/css/style_dynamic_responsive.css?ver=1530514059', 2, 1),
('screen', 'http://www.qualven.com', 6, 1),
('screen', 'http://www.w3.org/', 4, 1),
('screen', 'https://www.iqra.edu.pk', 21, 4),
('screen', 'https://www.w3schools.com/html/default.asp', 5, 1),
('screw', 'http://www.123greetings.com/rss/newsletterrss.xml', 2, 1),
('script', 'http://localhost/test1/index.html', 2, 1),
('script', 'http://localhost/test4/contentms.htm', 8, 4),
('script', 'https://www.iqra.edu.pk', 2, 1),
('seam', 'http://www.qualven.com', 1, 2),
('search', 'http://localhost/test4/contentms.htm', 1, 2),
('search', 'http://www.123greetings.com/stay_in_touch/', 1, 2),
('search', 'http://www.qualven.com', 1, 2),
('sec', 'http://localhost/test4/contentms.htm', 1, 2),
('second', 'http://search.yahoo.com/mrss/', 1, 2),
('section', 'http://localhost/test4/contentms.htm', 2, 1),
('section', 'http://search.yahoo.com/mrss/', 1, 2),
('sector', 'https://www.paknokri.com', 2, 1),
('secular', 'http://localhost/test2/index.htm', 1, 2),
('secur', 'http://localhost/test4/contentms.htm', 1, 2),
('secur', 'http://www.123greetings.com/rss/newsletterrss.xml', 2, 1),
('secur', 'http://www.qualven.com', 1, 2),
('secur', 'http://www.w3.org/', 1, 2),
('secur', 'https://www.w3schools.com/html/default.asp', 2, 1),
('seder', 'http://www.123greetings.com/rss/daily_rss.xml', 2, 1),
('seek', 'http://www.w3.org/', 2, 1),
('select', 'http://localhost/test3/clustering.htm', 1, 2),
('select', 'http://sec.yimg.com/us.yimg.com/lib/s/ysch_adv_041201.css', 1, 2),
('select', 'http://sec.yimg.com/us.yimg.com/lib/s/ysch_gl_070104.css', 1, 2),
('selector', 'http://qualven.com/wp-content/themes/startit/assets/css/simple-line-icons/simple-line-icons.css?ver=4.8.17', 2, 1),
('selector', 'http://qualven.com/wp-includes/js/jquery/jquery-migrate.min.js?ver=1.4.1', 3, 1),
('selector', 'https://www.w3schools.com/html/default.asp', 1, 2),
('send', 'http://localhost/test2/index.htm', 2, 1),
('send', 'http://localhost/test4/contentms.htm', 2, 1),
('send', 'http://www.123greetings.com/rss/daily_rss.xml', 8, 4),
('send', 'http://www.123greetings.com/rss/new_rss.xml', 9, 4),
('send', 'http://www.w3.org/', 1, 2),
('send', 'https://www.w3schools.com/html/default.asp', 1, 2),
('sens', 'http://localhost/test4/contentms.htm', 1, 2),
('sensor', 'http://www.w3.org/', 1, 2),
('sentenc', 'http://search.yahoo.com/mrss/', 1, 2),
('seo', 'http://qualven.com/wp-content/plugins/revslider/public/assets/js/jquery.themepunch.revolution.min.js?ver=5.4.3.1', 1, 2),
('sep', 'http://localhost/test4/contentms.htm', 2, 1),
('separ', 'http://localhost/test3/clustering.htm', 1, 2),
('septemb', 'http://localhost/test2/index.htm', 1, 2),
('sequenc', 'http://search.yahoo.com/mrss/', 2, 1),
('seri', 'http://search.yahoo.com/mrss/', 1, 2),
('seri', 'http://www.qualven.com', 1, 2),
('seri', 'http://www.w3.org/', 1, 2),
('sermon', 'http://localhost/test2/index.htm', 1, 2),
('serv', 'http://localhost/test4/contentms.htm', 1, 2),
('serv', 'http://www.w3.org/', 1, 2),
('serv', 'https://www.paknokri.com', 1, 2),
('server', 'http://localhost/test4/contentms.htm', 8, 4),
('server', 'http://qualven.com/wp-content/plugins/revslider/public/assets/js/jquery.themepunch.revolution.min.js?ver=5.4.3.1', 1, 2),
('servic', 'http://www.123greetings.com/stay_in_touch/', 3, 1),
('servic', 'http://www.qualven.com', 4, 1),
('servic', 'https://www.iqra.edu.pk', 1, 2),
('session', 'http://www.w3.org/', 1, 2),
('set', 'http://localhost/test3/clustering.htm', 3, 1),
('set', 'http://localhost/test4/contentms.htm', 9, 4),
('set', 'http://qualven.com/wp-content/plugins/revslider/public/assets/css/settings.css?ver=5.4.3.1', 1, 2),
('set', 'http://qualven.com/wp-includes/js/jquery/jquery-migrate.min.js?ver=1.4.1', 1, 2),
('set', 'http://search.yahoo.com/mrss/', 2, 1),
('set', 'http://www.123greetings.com/rss/newsletterrss.xml', 2, 1),
('set', 'https://www.iqra.edu.pk', 1, 2),
('set', 'https://www.paknokri.com', 1, 2),
('shade', 'http://www.w3.org/', 3, 1),
('shader', 'http://www.w3.org/', 3, 1),
('shadi', 'http://www.w3.org/', 3, 1),
('shallow', 'http://search.yahoo.com/mrss/', 1, 2),
('shape', 'http://www.w3.org/', 1, 2),
('share', 'http://www.w3.org/', 1, 2),
('share', 'https://www.iqra.edu.pk', 3, 1),
('shim', 'http://qualven.com/wp-includes/js/mediaelement/mediaelement-and-player.min.js?ver=2.22.0', 1, 2),
('shock', 'http://www.123greetings.com/rss/newsletterrss.xml', 2, 1),
('shook', 'http://www.123greetings.com/rss/newsletterrss.xml', 2, 1),
('shop', 'http://www.123greetings.com/rss/newsletterrss.xml', 6, 1),
('short', 'http://search.yahoo.com/mrss/', 1, 2),
('shot', 'http://www.123greetings.com/rss/newsletterrss.xml', 2, 1),
('shout', 'http://www.123greetings.com/rss/newsletterrss.xml', 4, 1),
('shovel', 'http://www.123greetings.com/rss/newsletterrss.xml', 2, 1),
('show', 'http://localhost/test3/clustering.htm', 2, 1),
('show', 'http://localhost/test4/contentms.htm', 4, 1),
('show', 'http://www.123greetings.com/stay_in_touch/', 2, 1),
('show', 'http://www.w3.org/', 1, 2),
('shown', 'http://localhost/test3/clustering.htm', 3, 1),
('shrug', 'http://www.123greetings.com/rss/newsletterrss.xml', 2, 1),
('side', 'http://qualven.com/wp-content/plugins/revslider/public/assets/js/jquery.themepunch.revolution.min.js?ver=5.4.3.1', 2, 1),
('signatur', 'http://www.w3.org/', 1, 2),
('sil', 'http://qualven.com/wp-content/themes/startit/assets/css/font-awesome/css/font-awesome.min.css?ver=4.8.17', 1, 2),
('similar', 'http://localhost/test3/clustering.htm', 6, 1),
('similar', 'http://search.yahoo.com/mrss/', 3, 1),
('simpl', 'http://localhost/test3/clustering.htm', 4, 1),
('simpl', 'http://www.123greetings.com/stay_in_touch/', 2, 1),
('simpler', 'http://search.yahoo.com/mrss/', 1, 2),
('simpli', 'http://search.yahoo.com/mrss/', 1, 2),
('simpli', 'http://www.123greetings.com/rss/new_rss.xml', 2, 1),
('simplifi', 'http://search.yahoo.com/mrss/', 1, 2),
('simplifi', 'https://www.w3schools.com/html/default.asp', 1, 2),
('sindh', 'https://www.iqra.edu.pk', 2, 1),
('singl', 'http://localhost/test3/clustering.htm', 1, 2),
('singl', 'http://search.yahoo.com/mrss/', 1, 2),
('singl', 'http://www.123greetings.com/stay_in_touch/', 2, 1),
('siren', 'http://www.123greetings.com/rss/newsletterrss.xml', 2, 1),
('sistemi', 'http://localhost/test3/clustering.htm', 1, 2),
('site', 'http://localhost/school/', 1, 2),
('site', 'http://localhost/test2/index.htm', 1, 2),
('site', 'http://localhost/test4/contentms.htm', 3, 1),
('site', 'http://www.123greetings.com/rss/daily_rss.xml', 2, 1),
('site', 'http://www.qualven.com', 2, 1),
('site', 'https://www.iqra.edu.pk', 2, 1),
('skill', 'https://www.w3schools.com/html/default.asp', 1, 2),
('skript', 'http://localhost/test4/contentms.htm', 2, 1),
('sky', 'http://www.123greetings.com/rss/daily_rss.xml', 9, 4),
('sky', 'http://www.123greetings.com/stay_in_touch/', 2, 1),
('skywidth', 'https://www.w3schools.com/html/default.asp', 3, 1),
('slam', 'http://www.123greetings.com/rss/newsletterrss.xml', 2, 1),
('slash', 'http://search.yahoo.com/mrss/', 2, 1),
('slide', 'http://localhost/test1/index.html', 1, 2),
('slide', 'http://www.123greetings.com/rss/newsletterrss.xml', 2, 1),
('slide', 'http://www.qualven.com', 1, 2),
('slider', 'http://qualven.com/wp-content/plugins/revslider/public/assets/css/settings.css?ver=5.4.3.1', 1, 2),
('slider', 'http://qualven.com/wp-content/plugins/revslider/public/assets/js/jquery.themepunch.revolution.min.js?ver=5.4.3.1', 6, 1),
('slider', 'http://www.qualven.com', 3, 1),
('slidingbar', 'https://www.iqra.edu.pk', 1, 2),
('slipperi', 'http://www.123greetings.com/rss/newsletterrss.xml', 2, 1),
('slowli', 'http://www.123greetings.com/rss/newsletterrss.xml', 2, 1),
('sm', 'http://www.123greetings.com/stay_in_touch/', 1, 2),
('small', 'http://sec.yimg.com/us.yimg.com/lib/s/ysch_gl_070104.css', 1, 2),
('smart', 'http://www.qualven.com', 1, 2),
('smart', 'http://www.w3.org/', 10, 4),
('smile', 'http://www.123greetings.com/rss/daily_rss.xml', 2, 1),
('smile', 'http://www.123greetings.com/rss/newsletterrss.xml', 2, 1),
('smile', 'http://www.123greetings.com/stay_in_touch/', 5, 1),
('snapshot', 'http://search.yahoo.com/mrss/', 1, 2),
('snapshot', 'http://www.w3.org/', 2, 1),
('snhb', 'https://www.w3schools.com/html/default.asp', 2, 1),
('snow', 'http://localhost/test1/index.html', 1, 2),
('snow', 'http://www.123greetings.com/rss/newsletterrss.xml', 14, 4),
('snowman', 'http://www.123greetings.com/rss/newsletterrss.xml', 7, 1),
('snowstorm', 'http://www.123greetings.com/rss/newsletterrss.xml', 2, 1),
('soap', 'http://www.123greetings.com/rss/newsletterrss.xml', 2, 1),
('social', 'http://localhost/test2/index.htm', 1, 2),
('societi', 'http://www.w3.org/', 1, 2),
('softwar', 'http://localhost/test1/index.html', 1, 2),
('softwar', 'http://localhost/test4/contentms.htm', 9, 4),
('softwar', 'http://qualven.com/wp-content/themes/startit/assets/js/scrolltoplugin.min.js?ver=4.8.17', 1, 2),
('softwar', 'http://www.w3.org/', 1, 2),
('solari', 'http://localhost/test4/contentms.htm', 1, 2),
('solid', 'http://qualven.com/wp-content/plugins/contact-form-7/includes/css/styles.css?ver=5.0.2', 6, 1),
('solid', 'http://qualven.com/wp-content/plugins/js_composer/assets/css/js_composer.min.css?ver=5.1.1', 5, 1),
('solid', 'http://qualven.com/wp-content/plugins/revslider/public/assets/css/settings.css?ver=5.4.3.1', 18, 4),
('solid', 'http://qualven.com/wp-content/themes/startit/assets/css/modules.min.css?ver=4.8.17', 2, 1),
('solid', 'http://qualven.com/wp-content/themes/startit/assets/css/plugins.min.css?ver=4.8.17', 2, 1),
('solid', 'http://search.yahoo.com/mrss/', 4, 1),
('solid', 'http://sec.yimg.com/us.yimg.com/lib/s/ysch_adv_041201.css', 2, 1),
('solid', 'http://sec.yimg.com/us.yimg.com/lib/s/ysch_gl_070104.css', 3, 1),
('solid', 'http://www.123greetings.com/stay_in_touch/', 1, 2),
('solid', 'https://www.iqra.edu.pk', 18, 4),
('solid', 'https://www.w3schools.com/html/default.asp', 4, 1),
('solut', 'http://www.qualven.com', 5, 1),
('solut', 'http://www.w3.org/', 1, 2),
('song', 'http://localhost/test1/index.html', 1, 2),
('song', 'http://search.yahoo.com/mrss/', 5, 1),
('song', 'http://www.123greetings.com/rss/newsletterrss.xml', 2, 1),
('soni', 'http://www.123greetings.com/stay_in_touch/', 1, 2),
('sort', 'http://localhost/test4/contentms.htm', 1, 2),
('sourc', 'http://localhost/test1/index.html', 1, 2),
('sourc', 'http://localhost/test4/contentms.htm', 2, 1),
('sourc', 'http://qualven.com/wp-content/plugins/revslider/public/assets/js/jquery.themepunch.revolution.min.js?ver=5.4.3.1', 1, 2),
('sourc', 'http://www.w3.org/', 2, 1),
('sourc', 'https://www.w3schools.com/html/default.asp', 1, 2),
('space', 'http://search.yahoo.com/mrss/', 1, 2),
('spam', 'http://qualven.com/wp-content/plugins/contact-form-7/includes/js/scripts.js?ver=5.0.2', 1, 2),
('span', 'http://sec.yimg.com/us.yimg.com/lib/s/ysch_adv_041201.css', 2, 1),
('speak', 'http://localhost/test4/contentms.htm', 4, 1),
('special', 'http://localhost/test3/clustering.htm', 1, 2),
('special', 'http://search.yahoo.com/mrss/', 1, 2),
('special', 'http://www.123greetings.com/stay_in_touch/', 7, 1),
('special', 'https://www.iqra.edu.pk', 1, 2),
('specif', 'http://localhost/test4/contentms.htm', 1, 2),
('specif', 'http://search.yahoo.com/mrss/', 5, 1),
('specif', 'http://www.w3.org/', 11, 4),
('specif', 'http://www.w3.org/2000/svg', 2, 1),
('specifi', 'http://search.yahoo.com/mrss/', 10, 4),
('spectrum', 'http://www.qualven.com', 1, 2),
('speech', 'http://www.w3.org/', 1, 2),
('spell', 'http://search.yahoo.com/mrss/', 1, 2),
('spend', 'http://www.123greetings.com/rss/newsletterrss.xml', 2, 1),
('spent', 'http://localhost/test4/contentms.htm', 5, 1),
('spiritu', 'http://localhost/test2/index.htm', 1, 2),
('spit', 'http://localhost/test4/contentms.htm', 1, 2),
('spoken', 'http://www.w3.org/', 3, 1),
('spread', 'http://localhost/test2/index.htm', 1, 2),
('sql', 'https://www.w3schools.com/html/default.asp', 3, 1),
('sr', 'http://qualven.com/wp-content/plugins/revslider/public/assets/js/jquery.themepunch.revolution.min.js?ver=5.4.3.1', 1, 2),
('staff', 'http://www.w3.org/', 1, 2),
('staff', 'https://www.paknokri.com', 6, 1),
('stai', 'http://www.123greetings.com/rss/newsletterrss.xml', 2, 1),
('stai', 'http://www.123greetings.com/stay_in_touch/', 8, 4),
('stai', 'http://www.qualven.com', 1, 2),
('stakehold', 'http://www.w3.org/', 3, 1),
('standard', 'http://localhost/test2/index.htm', 1, 2),
('standard', 'http://search.yahoo.com/mrss/', 1, 2),
('standard', 'http://www.w3.org/', 7, 1),
('standard', 'https://www.w3schools.com/html/default.asp', 1, 2),
('start', 'http://localhost/test4/contentms.htm', 5, 1),
('start', 'http://qualven.com/wp-content/plugins/contact-form-7/includes/js/scripts.js?ver=5.0.2', 2, 1),
('start', 'http://qualven.com/wp-includes/js/jquery/jquery-migrate.min.js?ver=1.4.1', 2, 1),
('start', 'http://search.yahoo.com/mrss/', 3, 1),
('start', 'http://www.123greetings.com/rss/newsletterrss.xml', 16, 4),
('start', 'http://www.123greetings.com/stay_in_touch/', 4, 1),
('start', 'https://www.iqra.edu.pk', 1, 2),
('start', 'https://www.paknokri.com', 2, 1),
('startspan', 'http://localhost/test2/index.htm', 3, 1),
('state', 'http://localhost/test4/contentms.htm', 1, 2),
('state', 'http://qualven.com/wp-content/plugins/contact-form-7/includes/js/scripts.js?ver=5.0.2', 3, 1),
('state', 'http://www.w3.org/', 1, 2),
('statement', 'http://localhost/test4/contentms.htm', 1, 2),
('static', 'http://localhost/test4/contentms.htm', 1, 2),
('statu', 'http://qualven.com/wp-content/plugins/contact-form-7/includes/js/scripts.js?ver=5.0.2', 5, 1),
('statu', 'http://www.w3.org/', 2, 1),
('steep', 'http://localhost/test4/contentms.htm', 1, 2),
('step', 'http://localhost/test4/contentms.htm', 5, 1),
('step', 'http://www.qualven.com', 1, 2),
('steve', 'http://www.123greetings.com/rss/newsletterrss.xml', 2, 1),
('sticki', 'https://www.iqra.edu.pk', 2, 1),
('sticki', 'https://www.w3schools.com/html/default.asp', 1, 2),
('stickyadstatu', 'https://www.w3schools.com/html/default.asp', 4, 1),
('stickypo', 'https://www.w3schools.com/html/default.asp', 4, 1),
('straight', 'http://localhost/test3/clustering.htm', 1, 2),
('strateg', 'http://www.w3.org/', 3, 1),
('strategi', 'http://www.qualven.com', 2, 1),
('stream', 'http://search.yahoo.com/mrss/', 1, 2),
('street', 'http://www.qualven.com', 1, 2),
('strengthen', 'http://www.w3.org/', 1, 2),
('strict', 'http://search.yahoo.com/mrss/', 1, 2),
('strictli', 'http://search.yahoo.com/mrss/', 1, 2),
('string', 'http://qualven.com/wp-includes/js/jquery/jquery-migrate.min.js?ver=1.4.1', 3, 1),
('string', 'http://www.123greetings.com/rss/newsletterrss.xml', 6, 1);
INSERT INTO `keywords` (`keyword`, `webURL`, `freqOfWord`, `clusterNr`) VALUES
('strive', 'https://www.iqra.edu.pk', 1, 2),
('strong', 'http://sec.yimg.com/us.yimg.com/lib/s/ysch_adv_041201.css', 3, 1),
('strong', 'http://sec.yimg.com/us.yimg.com/lib/s/ysch_gl_070104.css', 1, 2),
('strongest', 'http://search.yahoo.com/mrss/', 1, 2),
('structur', 'http://localhost/test4/contentms.htm', 1, 2),
('structur', 'http://www.qualven.com', 2, 1),
('studi', 'http://www.123greetings.com/rss/newsletterrss.xml', 4, 1),
('studi', 'http://www.qualven.com', 2, 1),
('stuff', 'http://www.123greetings.com/rss/newsletterrss.xml', 2, 1),
('style', 'http://qualven.com/wp-content/plugins/revslider/public/assets/css/settings.css?ver=5.4.3.1', 1, 2),
('style', 'http://search.yahoo.com/mrss/', 1, 2),
('style', 'https://www.iqra.edu.pk', 1, 2),
('style', 'https://www.w3schools.com/html/default.asp', 1, 2),
('subject', 'http://qualven.com/wp-content/themes/startit/assets/js/scrolltoplugin.min.js?ver=4.8.17', 1, 2),
('submit', 'http://localhost/test2/index.htm', 1, 2),
('subscrib', 'http://localhost/test4/contentms.htm', 2, 1),
('subscrib', 'http://www.qualven.com', 1, 2),
('subsecond', 'http://search.yahoo.com/mrss/', 1, 2),
('subsequ', 'http://www.w3.org/2000/svg', 1, 2),
('substant', 'http://www.w3.org/', 1, 2),
('success', 'http://localhost/test2/index.htm', 1, 2),
('success', 'http://www.123greetings.com/rss/newsletterrss.xml', 4, 1),
('successfulli', 'http://localhost/test3/clustering.htm', 1, 2),
('suddenli', 'http://www.123greetings.com/rss/newsletterrss.xml', 2, 1),
('suffici', 'http://localhost/test3/clustering.htm', 1, 2),
('suffix', 'http://localhost/test4/contentms.htm', 2, 1),
('suggest', 'http://localhost/test2/index.htm', 1, 2),
('suggest', 'http://localhost/test4/contentms.htm', 1, 2),
('suggest', 'http://search.yahoo.com/mrss/', 1, 2),
('suggest', 'https://www.w3schools.com/html/default.asp', 1, 2),
('suit', 'http://localhost/test3/clustering.htm', 1, 2),
('suitabl', 'http://localhost/test3/clustering.htm', 2, 1),
('superhero', 'http://localhost/test4/contentms.htm', 2, 1),
('supplement', 'http://search.yahoo.com/mrss/', 2, 1),
('suppli', 'http://localhost/test3/clustering.htm', 1, 2),
('supplier', 'http://www.w3.org/', 1, 2),
('support', 'http://localhost/test4/contentms.htm', 2, 1),
('support', 'http://search.yahoo.com/mrss/', 1, 2),
('support', 'http://www.123greetings.com/rss/new_rss.xml', 2, 1),
('support', 'http://www.qualven.com', 1, 2),
('support', 'http://www.w3.org/', 2, 1),
('support', 'https://www.w3schools.com/html/default.asp', 1, 2),
('suppos', 'http://www.123greetings.com/rss/newsletterrss.xml', 2, 1),
('suprem', 'http://localhost/test2/index.htm', 1, 2),
('surpris', 'http://localhost/test2/index.htm', 1, 2),
('surpris', 'http://www.123greetings.com/rss/newsletterrss.xml', 2, 1),
('surveil', 'http://www.qualven.com', 1, 2),
('suzan', 'http://search.yahoo.com/mrss/', 1, 2),
('svg', 'http://www.w3.org/2000/svg', 8, 4),
('svg', 'https://www.w3schools.com/html/default.asp', 1, 2),
('sweet', 'http://www.123greetings.com/rss/newsletterrss.xml', 2, 1),
('sweetheart', 'http://www.123greetings.com/rss/new_rss.xml', 4, 1),
('swirl', 'http://www.123greetings.com/rss/daily_rss.xml', 2, 1),
('sympathi', 'http://www.123greetings.com/rss/new_rss.xml', 2, 1),
('syndic', 'http://search.yahoo.com/mrss/', 5, 1),
('synthesi', 'http://www.w3.org/', 2, 1),
('system', 'http://localhost/test4/contentms.htm', 12, 4),
('system', 'http://www.qualven.com', 5, 1),
('system', 'http://www.w3.org/', 2, 1),
('system', 'https://www.paknokri.com', 1, 2),
('tab', 'http://qualven.com/wp-includes/js/jquery/ui/tabs.min.js?ver=1.11.4', 1, 2),
('tab', 'https://www.paknokri.com', 1, 2),
('tabl', 'http://localhost/test4/contentms.htm', 3, 1),
('tabl', 'http://qualven.com/wp-content/themes/startit/assets/css/modules-responsive.min.css?ver=4.8.17', 8, 4),
('tabl', 'http://sec.yimg.com/us.yimg.com/lib/s/ysch_gl_070104.css', 2, 1),
('tabl', 'https://www.iqra.edu.pk', 8, 4),
('tag', 'http://localhost/test4/contentms.htm', 6, 1),
('tag', 'http://qualven.com/wp-content/plugins/revslider/public/assets/js/jquery.themepunch.revolution.min.js?ver=5.4.3.1', 1, 2),
('tag', 'http://qualven.com/wp-includes/js/jquery/jquery-migrate.min.js?ver=1.4.1', 1, 2),
('tag', 'https://www.iqra.edu.pk', 2, 1),
('tag', 'https://www.w3schools.com/html/default.asp', 2, 1),
('tagfil', 'http://localhost/test4/contentms.htm', 1, 2),
('tahoma', 'http://localhost/test4/contentms.htm', 14, 4),
('talk', 'http://www.123greetings.com/rss/newsletterrss.xml', 2, 1),
('talk', 'http://www.w3.org/', 3, 1),
('tamil', 'http://www.123greetings.com/rss/daily_rss.xml', 4, 1),
('target', 'http://qualven.com/wp-content/plugins/contact-form-7/includes/js/scripts.js?ver=5.0.2', 8, 4),
('task', 'http://www.w3.org/', 1, 2),
('taun', 'http://localhost/test4/contentms.htm', 1, 2),
('taxonomi', 'http://search.yahoo.com/mrss/', 1, 2),
('tbodi', 'http://qualven.com/wp-content/themes/startit/assets/css/modules-responsive.min.css?ver=4.8.17', 5, 1),
('tbodi', 'http://qualven.com/wp-content/themes/startit/assets/css/modules.min.css?ver=4.8.17', 2, 1),
('tbodi', 'https://www.iqra.edu.pk', 2, 1),
('td', 'http://qualven.com/wp-content/themes/startit/assets/css/modules-responsive.min.css?ver=4.8.17', 2, 1),
('td', 'http://search.yahoo.com/mrss/', 1, 2),
('td', 'https://www.iqra.edu.pk', 1, 2),
('teach', 'http://localhost/test2/index.htm', 1, 2),
('teach', 'http://www.123greetings.com/rss/newsletterrss.xml', 2, 1),
('teacher', 'http://www.123greetings.com/rss/newsletterrss.xml', 2, 1),
('team', 'http://localhost/test4/contentms.htm', 1, 2),
('team', 'http://www.qualven.com', 2, 1),
('technic', 'http://www.w3.org/', 1, 2),
('technic', 'http://www.w3.org/2000/svg', 1, 2),
('techniqu', 'http://localhost/test3/clustering.htm', 1, 2),
('techniqu', 'http://www.w3.org/', 1, 2),
('technolog', 'http://www.qualven.com', 3, 1),
('technolog', 'http://www.w3.org/', 2, 1),
('technolog', 'https://www.iqra.edu.pk', 1, 2),
('teddi', 'http://www.123greetings.com/rss/new_rss.xml', 2, 1),
('tell', 'http://www.123greetings.com/rss/newsletterrss.xml', 2, 1),
('templat', 'http://localhost/test1/index.html', 3, 1),
('templat', 'http://localhost/test4/contentms.htm', 8, 4),
('ten', 'http://search.yahoo.com/mrss/', 1, 2),
('ten', 'http://www.qualven.com', 2, 1),
('term', 'http://qualven.com/wp-content/themes/startit/assets/js/scrolltoplugin.min.js?ver=4.8.17', 1, 2),
('term', 'http://search.yahoo.com/mrss/', 1, 2),
('terrestri', 'http://localhost/test2/index.htm', 1, 2),
('test', 'http://localhost/test4/contentms.htm', 1, 2),
('test', 'https://www.iqra.edu.pk', 1, 2),
('test', 'https://www.w3schools.com/html/default.asp', 1, 2),
('testimoni', 'http://www.w3.org/', 1, 2),
('text', 'http://qualven.com/wp-content/plugins/contact-form-7/includes/js/scripts.js?ver=5.0.2', 1, 2),
('text', 'http://qualven.com/wp-includes/js/jquery/jquery-migrate.min.js?ver=1.4.1', 1, 2),
('text', 'http://search.yahoo.com/mrss/', 6, 1),
('text', 'http://www.w3.org/', 1, 2),
('text', 'https://www.w3schools.com/html/default.asp', 1, 2),
('textarea', 'http://sec.yimg.com/us.yimg.com/lib/s/ysch_gl_070104.css', 1, 2),
('tfoot', 'https://www.iqra.edu.pk', 2, 1),
('thead', 'http://qualven.com/wp-content/themes/startit/assets/css/modules-responsive.min.css?ver=4.8.17', 3, 1),
('thead', 'http://qualven.com/wp-content/themes/startit/assets/css/modules.min.css?ver=4.8.17', 1, 2),
('thead', 'https://www.iqra.edu.pk', 2, 1),
('thee', 'http://localhost/test2/index.htm', 1, 2),
('theme', 'http://localhost/test1/index.html', 1, 2),
('theoret', 'http://localhost/test3/clustering.htm', 1, 2),
('thing', 'http://localhost/test4/contentms.htm', 2, 1),
('thing', 'http://search.yahoo.com/mrss/', 1, 2),
('thing', 'http://www.123greetings.com/rss/new_rss.xml', 2, 1),
('thing', 'http://www.123greetings.com/stay_in_touch/', 4, 1),
('thing', 'http://www.w3.org/', 5, 1),
('think', 'http://www.123greetings.com/stay_in_touch/', 2, 1),
('thora', 'http://localhost/test1/index.html', 1, 2),
('thought', 'http://www.123greetings.com/rss/newsletterrss.xml', 2, 1),
('thought', 'http://www.123greetings.com/stay_in_touch/', 6, 1),
('thousand', 'http://localhost/test4/contentms.htm', 1, 2),
('thousand', 'http://search.yahoo.com/mrss/', 1, 2),
('threw', 'http://www.123greetings.com/rss/newsletterrss.xml', 2, 1),
('thu', 'http://localhost/test4/contentms.htm', 1, 2),
('thumbnail', 'http://search.yahoo.com/mrss/', 1, 2),
('ti', 'http://www.123greetings.com/stay_in_touch/', 2, 1),
('ticket', 'http://www.qualven.com', 1, 2),
('till', 'http://localhost/test2/index.htm', 1, 2),
('time', 'http://localhost/test1/index.html', 10, 4),
('time', 'http://localhost/test2/index.htm', 1, 2),
('time', 'http://localhost/test3/clustering.htm', 47, 0),
('time', 'http://localhost/test4/contentms.htm', 15, 4),
('time', 'http://search.yahoo.com/mrss/', 17, 4),
('time', 'http://www.123greetings.com/rss/daily_rss.xml', 4, 1),
('time', 'http://www.123greetings.com/rss/newsletterrss.xml', 6, 1),
('time', 'http://www.123greetings.com/stay_in_touch/', 2, 1),
('time', 'http://www.w3.org/', 1, 2),
('time', 'http://www.w3.org/2000/svg', 1, 2),
('timeless', 'http://localhost/test2/index.htm', 1, 2),
('timeless', 'http://www.123greetings.com/rss/newsletterrss.xml', 2, 1),
('titl', 'http://search.yahoo.com/mrss/', 1, 2),
('tivoli', 'http://www.123greetings.com/stay_in_touch/', 1, 2),
('todai', 'http://localhost/test2/index.htm', 1, 2),
('todai', 'http://www.123greetings.com/stay_in_touch/', 1, 2),
('todai', 'http://www.w3.org/', 2, 1),
('told', 'http://www.123greetings.com/rss/newsletterrss.xml', 2, 1),
('ton', 'http://localhost/test4/contentms.htm', 1, 2),
('tool', 'http://localhost/test4/contentms.htm', 1, 2),
('tool', 'http://www.qualven.com', 1, 2),
('tool', 'http://www.w3.org/', 1, 2),
('top', 'http://www.qualven.com', 1, 2),
('top', 'http://www.w3.org/', 1, 2),
('top', 'https://www.iqra.edu.pk', 37, 0),
('top', 'https://www.w3schools.com/html/default.asp', 1, 2),
('topic', 'http://www.w3.org/', 2, 1),
('topnav', 'https://www.w3schools.com/html/default.asp', 1, 2),
('torah', 'http://localhost/test2/index.htm', 1, 2),
('totopscreenreadertext', 'https://www.iqra.edu.pk', 1, 2),
('touch', 'http://localhost/test1/index.html', 1, 2),
('touch', 'http://www.123greetings.com/stay_in_touch/', 20, 4),
('tr', 'https://www.iqra.edu.pk', 10, 4),
('tradit', 'http://search.yahoo.com/mrss/', 2, 1),
('trail', 'http://search.yahoo.com/mrss/', 2, 1),
('train', 'http://www.qualven.com', 1, 2),
('train', 'https://www.iqra.edu.pk', 1, 2),
('train', 'https://www.w3schools.com/html/default.asp', 2, 1),
('transcript', 'https://www.iqra.edu.pk', 1, 2),
('transform', 'http://search.yahoo.com/mrss/', 1, 2),
('translat', 'http://localhost/test4/contentms.htm', 13, 4),
('transport', 'http://localhost/test4/contentms.htm', 1, 2),
('transport', 'https://www.iqra.edu.pk', 1, 2),
('travel', 'http://www.123greetings.com/stay_in_touch/', 4, 1),
('tree', 'http://localhost/test4/contentms.htm', 1, 2),
('tree', 'http://search.yahoo.com/mrss/', 1, 2),
('tremend', 'http://www.w3.org/', 1, 2),
('trip', 'http://www.123greetings.com/rss/newsletterrss.xml', 6, 1),
('trip', 'http://www.123greetings.com/stay_in_touch/', 2, 1),
('troll', 'http://localhost/test4/contentms.htm', 1, 2),
('trove', 'http://localhost/test4/contentms.htm', 1, 2),
('true', 'http://localhost/test2/index.htm', 1, 2),
('true', 'http://qualven.com/wp-content/plugins/contact-form-7/includes/js/scripts.js?ver=5.0.2', 3, 1),
('true', 'http://www.123greetings.com/rss/new_rss.xml', 2, 1),
('tt', 'http://www.w3.org/', 3, 1),
('tue', 'http://search.yahoo.com/mrss/', 1, 2),
('tune', 'http://www.qualven.com', 1, 2),
('turqui', 'http://localhost/test2/index.htm', 1, 2),
('tutori', 'http://localhost/test3/clustering.htm', 2, 1),
('tutori', 'http://www.qualven.com', 1, 2),
('tutori', 'https://www.w3schools.com/html/default.asp', 4, 1),
('tv', 'http://search.yahoo.com/mrss/', 1, 2),
('tv', 'http://www.123greetings.com/rss/newsletterrss.xml', 2, 1),
('twenti', 'http://localhost/test2/index.htm', 1, 2),
('twitter', 'http://www.qualven.com', 1, 2),
('txt', 'https://www.w3schools.com/html/default.asp', 13, 4),
('typ', 'https://www.w3schools.com/html/default.asp', 7, 1),
('type', 'http://localhost/test3/clustering.htm', 4, 1),
('type', 'http://search.yahoo.com/mrss/', 13, 4),
('type', 'https://www.w3schools.com/html/default.asp', 1, 2),
('typeof', 'http://qualven.com/wp-content/plugins/contact-form-7/includes/js/scripts.js?ver=5.0.2', 6, 1),
('typeof', 'https://www.iqra.edu.pk', 1, 2),
('typic', 'http://search.yahoo.com/mrss/', 3, 1),
('ui', 'http://qualven.com/wp-includes/js/jquery/ui/accordion.min.js?ver=1.11.4', 1, 2),
('ui', 'http://qualven.com/wp-includes/js/jquery/ui/core.min.js?ver=1.11.4', 1, 2),
('ui', 'http://qualven.com/wp-includes/js/jquery/ui/mouse.min.js?ver=1.11.4', 1, 2),
('ui', 'http://qualven.com/wp-includes/js/jquery/ui/tabs.min.js?ver=1.11.4', 2, 1),
('ui', 'http://qualven.com/wp-includes/js/jquery/ui/widget.min.js?ver=1.11.4', 1, 2),
('ul', 'http://qualven.com/wp-content/themes/startit/assets/css/modules-responsive.min.css?ver=4.8.17', 2, 1),
('ul', 'http://qualven.com/wp-content/themes/startit/assets/css/modules.min.css?ver=4.8.17', 4, 1),
('ul', 'http://qualven.com/wp-content/themes/startit/assets/css/plugins.min.css?ver=4.8.17', 6, 1),
('ul', 'http://search.yahoo.com/mrss/', 2, 1),
('ul', 'https://www.iqra.edu.pk', 60, 0),
('ul', 'https://www.w3schools.com/html/default.asp', 2, 1),
('uncompress', 'http://search.yahoo.com/mrss/', 1, 2),
('uncompromis', 'http://www.qualven.com', 1, 2),
('undefin', 'http://qualven.com/wp-content/plugins/contact-form-7/includes/js/scripts.js?ver=5.0.2', 1, 2),
('underneath', 'http://localhost/test4/contentms.htm', 1, 2),
('understand', 'http://localhost/test4/contentms.htm', 1, 2),
('understand', 'http://qualven.com/wp-includes/js/mediaelement/mediaelement-and-player.min.js?ver=2.22.0', 1, 2),
('understand', 'https://www.paknokri.com', 1, 2),
('understand', 'https://www.w3schools.com/html/default.asp', 1, 2),
('undocu', 'http://qualven.com/wp-includes/js/jquery/jquery-migrate.min.js?ver=1.4.1', 3, 1),
('union', 'http://localhost/test3/clustering.htm', 1, 2),
('union', 'http://search.yahoo.com/mrss/', 2, 1),
('uniqu', 'http://localhost/test3/clustering.htm', 1, 2),
('uniqu', 'http://www.123greetings.com/rss/new_rss.xml', 2, 1),
('unit', 'http://localhost/test3/clustering.htm', 2, 1),
('unit', 'http://search.yahoo.com/mrss/', 1, 2),
('univers', 'http://localhost/test2/index.htm', 1, 2),
('univers', 'http://www.qualven.com', 1, 2),
('univers', 'https://www.iqra.edu.pk', 7, 1),
('unix', 'http://localhost/test4/contentms.htm', 2, 1),
('unknown', 'http://localhost/test3/clustering.htm', 1, 2),
('unlabel', 'http://localhost/test3/clustering.htm', 2, 1),
('unlimit', 'http://localhost/test4/contentms.htm', 1, 2),
('unset', 'https://www.iqra.edu.pk', 1, 2),
('untangl', 'http://www.123greetings.com/rss/newsletterrss.xml', 2, 1),
('unusu', 'http://localhost/test3/clustering.htm', 1, 2),
('updat', 'http://localhost/test4/contentms.htm', 1, 2),
('updat', 'http://qualven.com/wp-content/plugins/revslider/public/assets/js/jquery.themepunch.revolution.min.js?ver=5.4.3.1', 3, 1),
('updat', 'http://qualven.com/wp-content/themes/startit/assets/js/scrolltoplugin.min.js?ver=4.8.17', 1, 2),
('updat', 'http://www.qualven.com', 1, 2),
('updat', 'http://www.w3.org/', 2, 1),
('updatecount', 'http://qualven.com/wp-content/plugins/contact-form-7/includes/js/scripts.js?ver=5.0.2', 1, 2),
('upload', 'http://localhost/test4/contentms.htm', 1, 2),
('upsid', 'http://www.123greetings.com/rss/newsletterrss.xml', 2, 1),
('uri', 'http://search.yahoo.com/mrss/', 3, 1),
('url', 'http://qualven.com/wp-content/plugins/contact-form-7/includes/js/scripts.js?ver=5.0.2', 2, 1),
('url', 'http://search.yahoo.com/mrss/', 4, 1),
('url', 'https://www.w3schools.com/html/default.asp', 3, 1),
('usabl', 'http://www.w3.org/', 1, 2),
('useless', 'http://localhost/test4/contentms.htm', 6, 1),
('user', 'http://localhost/test3/clustering.htm', 1, 2),
('user', 'http://localhost/test4/contentms.htm', 1, 2),
('user', 'http://search.yahoo.com/mrss/', 1, 2),
('user', 'http://www.w3.org/', 7, 1),
('utc', 'http://localhost/test4/contentms.htm', 2, 1),
('utmost', 'https://www.paknokri.com', 1, 2),
('vadim', 'http://search.yahoo.com/mrss/', 1, 2),
('val', 'http://qualven.com/wp-content/plugins/contact-form-7/includes/js/scripts.js?ver=5.0.2', 2, 1),
('valid', 'http://localhost/test4/contentms.htm', 1, 2),
('valid', 'http://qualven.com/wp-includes/js/jquery/jquery-migrate.min.js?ver=1.4.1', 1, 2),
('valid', 'https://www.paknokri.com', 1, 2),
('valu', 'http://search.yahoo.com/mrss/', 5, 1),
('van', 'http://search.yahoo.com/mrss/', 1, 2),
('var', 'http://www.123greetings.com/stay_in_touch/', 6, 1),
('var', 'http://www.qualven.com', 1, 2),
('var', 'https://www.iqra.edu.pk', 8, 4),
('var', 'https://www.w3schools.com/html/default.asp', 25, 4),
('variabl', 'http://localhost/test3/clustering.htm', 1, 2),
('vector', 'http://localhost/test3/clustering.htm', 3, 1),
('vector', 'http://www.w3.org/2000/svg', 1, 2),
('ventura', 'http://search.yahoo.com/mrss/', 1, 2),
('verdana', 'http://localhost/test4/contentms.htm', 14, 4),
('verdana', 'https://www.w3schools.com/html/default.asp', 1, 2),
('verifi', 'http://www.qualven.com', 1, 2),
('veriti', 'http://www.qualven.com', 1, 2),
('version', 'http://localhost/test4/contentms.htm', 2, 1),
('version', 'http://qualven.com/wp-content/plugins/revslider/public/assets/js/jquery.themepunch.revolution.min.js?ver=5.4.3.1', 2, 1),
('version', 'http://qualven.com/wp-includes/js/jquery/jquery-migrate.min.js?ver=1.4.1', 1, 2),
('version', 'http://search.yahoo.com/mrss/', 2, 1),
('version', 'http://www.w3.org/2000/svg', 1, 2),
('veteran', 'https://www.paknokri.com', 2, 1),
('vide', 'https://www.iqra.edu.pk', 1, 2),
('video', 'http://search.yahoo.com/mrss/', 6, 1),
('video', 'http://www.w3.org/', 4, 1),
('video', 'https://www.iqra.edu.pk', 2, 1),
('vidh', 'https://www.iqra.edu.pk', 1, 2),
('vidw', 'https://www.iqra.edu.pk', 1, 2),
('view', 'http://www.qualven.com', 2, 1),
('view', 'https://www.w3schools.com/html/default.asp', 1, 2),
('villa', 'http://www.123greetings.com/stay_in_touch/', 1, 2),
('virtual', 'http://www.w3.org/', 1, 2),
('visibl', 'http://www.w3.org/', 4, 1),
('visit', 'http://localhost/test1/index.html', 1, 2),
('visit', 'http://localhost/test2/index.htm', 2, 1),
('visit', 'http://www.123greetings.com/rss/newsletterrss.xml', 4, 1),
('visual', 'http://localhost/test4/contentms.htm', 1, 2),
('visual', 'http://www.qualven.com', 1, 2),
('vivaldi', 'http://www.123greetings.com/rss/newsletterrss.xml', 2, 1),
('vocabulari', 'http://www.w3.org/', 1, 2),
('voic', 'http://www.w3.org/', 2, 1),
('void', 'http://qualven.com/wp-includes/js/jquery/jquery-migrate.min.js?ver=1.4.1', 1, 2),
('void', 'http://qualven.com/wp-includes/js/jquery/ui/core.min.js?ver=1.11.4', 1, 2),
('void', 'http://qualven.com/wp-includes/js/jquery/ui/widget.min.js?ver=1.11.4', 2, 1),
('void', 'http://www.qualven.com', 1, 2),
('vol', 'http://localhost/test2/index.htm', 1, 2),
('vr', 'https://www.iqra.edu.pk', 2, 1),
('vz', 'http://search.yahoo.com/mrss/', 1, 2),
('wai', 'http://localhost/test4/contentms.htm', 1, 2),
('wait', 'http://www.qualven.com', 1, 2),
('walk', 'http://localhost/test2/index.htm', 1, 2),
('walkwai', 'http://www.123greetings.com/rss/newsletterrss.xml', 2, 1),
('wallpap', 'http://localhost/test1/index.html', 1, 2),
('want', 'http://www.123greetings.com/rss/newsletterrss.xml', 2, 1),
('want', 'http://www.123greetings.com/stay_in_touch/', 2, 1),
('warm', 'http://www.123greetings.com/rss/daily_rss.xml', 4, 1),
('warm', 'http://www.123greetings.com/rss/new_rss.xml', 4, 1),
('warm', 'http://www.123greetings.com/stay_in_touch/', 2, 1),
('warmest', 'http://www.123greetings.com/rss/daily_rss.xml', 2, 1),
('warn', 'http://localhost/test4/contentms.htm', 1, 2),
('warn', 'http://qualven.com/wp-content/plugins/revslider/public/assets/js/jquery.themepunch.revolution.min.js?ver=5.4.3.1', 2, 1),
('warrant', 'https://www.w3schools.com/html/default.asp', 1, 2),
('warrior', 'http://localhost/test2/index.htm', 1, 2),
('wast', 'http://localhost/test4/contentms.htm', 15, 4),
('watch', 'http://www.123greetings.com/rss/daily_rss.xml', 2, 1),
('wav', 'http://search.yahoo.com/mrss/', 1, 2),
('web', 'http://localhost/test1/index.html', 1, 2),
('web', 'http://localhost/test4/contentms.htm', 7, 1),
('web', 'http://search.yahoo.com/mrss/', 1, 2),
('web', 'http://www.123greetings.com/stay_in_touch/', 1, 2),
('web', 'http://www.w3.org/', 22, 4),
('web', 'https://www.w3schools.com/html/default.asp', 6, 1),
('webfontconfig', 'https://www.iqra.edu.pk', 2, 1),
('webfontload', 'https://www.iqra.edu.pk', 1, 2),
('webgpu', 'http://www.w3.org/', 8, 4),
('weblog', 'http://localhost/test3/clustering.htm', 1, 2),
('webm', 'http://qualven.com/wp-includes/js/mediaelement/mediaelement-and-player.min.js?ver=2.22.0', 1, 2),
('webserv', 'http://localhost/test4/contentms.htm', 3, 1),
('websit', 'http://localhost/test2/index.htm', 1, 2),
('websit', 'http://www.qualven.com', 2, 1),
('websit', 'https://www.iqra.edu.pk', 2, 1),
('websit', 'https://www.paknokri.com', 2, 1),
('wed', 'http://localhost/test4/contentms.htm', 1, 2),
('wed', 'http://www.123greetings.com/rss/new_rss.xml', 1, 2),
('wee', 'http://www.123greetings.com/stay_in_touch/', 2, 1),
('week', 'http://localhost/test3/clustering.htm', 1, 2),
('week', 'http://localhost/test4/contentms.htm', 2, 1),
('week', 'http://www.123greetings.com/rss/newsletterrss.xml', 2, 1),
('weekend', 'http://www.123greetings.com/rss/new_rss.xml', 6, 1),
('weekli', 'http://www.123greetings.com/stay_in_touch/', 1, 2),
('welcom', 'http://www.w3.org/', 2, 1),
('west', 'http://www.123greetings.com/rss/newsletterrss.xml', 2, 1),
('wf', 'https://www.iqra.edu.pk', 2, 1),
('wgsl', 'http://www.w3.org/', 1, 2),
('wheelbarrow', 'http://www.123greetings.com/rss/newsletterrss.xml', 2, 1),
('white', 'https://www.iqra.edu.pk', 1, 2),
('white', 'https://www.paknokri.com', 1, 2),
('whitepap', 'http://www.qualven.com', 1, 2),
('wide', 'http://www.qualven.com', 1, 2),
('wide', 'http://www.w3.org/', 6, 1),
('widget', 'http://qualven.com/wp-includes/js/jquery/ui/widget.min.js?ver=1.11.4', 2, 1),
('widget', 'http://www.qualven.com', 1, 2),
('widget', 'https://www.iqra.edu.pk', 1, 2),
('width', 'http://localhost/test3/clustering.htm', 1, 2),
('width', 'http://search.yahoo.com/mrss/', 3, 1),
('width', 'https://www.iqra.edu.pk', 1, 2),
('wilbur', 'http://www.123greetings.com/rss/newsletterrss.xml', 2, 1),
('wind', 'http://www.123greetings.com/rss/daily_rss.xml', 5, 1),
('window', 'http://search.yahoo.com/mrss/', 2, 1),
('window', 'http://www.123greetings.com/rss/newsletterrss.xml', 2, 1),
('window', 'https://www.iqra.edu.pk', 2, 1),
('window', 'https://www.paknokri.com', 1, 2),
('windowsnt', 'http://localhost/test4/contentms.htm', 1, 2),
('wink', 'http://www.123greetings.com/stay_in_touch/', 2, 1),
('winw', 'http://www.123greetings.com/stay_in_touch/', 1, 2),
('wish', 'http://www.123greetings.com/rss/daily_rss.xml', 2, 1),
('witch', 'http://localhost/test4/contentms.htm', 2, 1),
('wma', 'http://qualven.com/wp-includes/js/mediaelement/mediaelement-and-player.min.js?ver=2.22.0', 1, 2),
('wmv', 'http://qualven.com/wp-includes/js/mediaelement/mediaelement-and-player.min.js?ver=2.22.0', 1, 2),
('wonder', 'http://localhost/test4/contentms.htm', 1, 2),
('wonder', 'http://www.123greetings.com/rss/daily_rss.xml', 2, 1),
('word', 'http://localhost/test3/clustering.htm', 1, 2),
('word', 'http://www.123greetings.com/rss/newsletterrss.xml', 2, 1),
('wordpress', 'http://www.qualven.com', 1, 2),
('work', 'http://localhost/test4/contentms.htm', 9, 4),
('work', 'http://qualven.com/wp-content/plugins/revslider/public/assets/js/jquery.themepunch.revolution.min.js?ver=5.4.3.1', 1, 2),
('work', 'http://qualven.com/wp-content/themes/startit/assets/js/scrolltoplugin.min.js?ver=4.8.17', 1, 2),
('work', 'http://search.yahoo.com/mrss/', 1, 2),
('work', 'http://www.123greetings.com/rss/newsletterrss.xml', 2, 1),
('work', 'http://www.123greetings.com/stay_in_touch/', 1, 2),
('work', 'http://www.qualven.com', 1, 2),
('work', 'http://www.w3.org/', 25, 4),
('work', 'http://www.w3.org/2000/svg', 1, 2),
('work', 'https://www.paknokri.com', 2, 1),
('workforc', 'https://www.iqra.edu.pk', 1, 2),
('workshop', 'http://www.w3.org/', 7, 1),
('world', 'http://localhost/test2/index.htm', 2, 1),
('world', 'http://www.qualven.com', 1, 2),
('world', 'http://www.w3.org/', 5, 1),
('worship', 'http://localhost/test2/index.htm', 1, 2),
('wot', 'http://www.w3.org/', 1, 2),
('wrapper', 'https://www.iqra.edu.pk', 3, 1),
('wright', 'http://www.123greetings.com/rss/newsletterrss.xml', 4, 1),
('write', 'http://localhost/test4/contentms.htm', 18, 4),
('write', 'http://www.123greetings.com/rss/newsletterrss.xml', 2, 1),
('xhr', 'http://qualven.com/wp-content/plugins/contact-form-7/includes/js/scripts.js?ver=5.0.2', 6, 1),
('xhtml', 'http://localhost/test1/index.html', 1, 2),
('xhtml', 'http://www.w3.org/', 1, 2),
('xhttp', 'https://www.w3schools.com/html/default.asp', 2, 1),
('xml', 'http://search.yahoo.com/mrss/', 2, 1),
('xml', 'http://www.w3.org/2000/svg', 2, 1),
('xml', 'https://www.w3schools.com/html/default.asp', 11, 4),
('xmlnamespac', 'http://www.w3.org/2000/svg', 1, 2),
('xmp', 'http://qualven.com/wp-content/uploads/2015/10/graphic-2-home-main.png', 1, 2),
('xmp', 'http://qualven.com/wp-content/uploads/2016/07/testimonials-8.png', 1, 2),
('xmp', 'http://qualven.com/wp-content/uploads/2016/07/testimonials-9.png', 1, 2),
('ya', 'http://localhost/test4/contentms.htm', 1, 2),
('year', 'http://localhost/test2/index.htm', 2, 1),
('year', 'http://localhost/test4/contentms.htm', 4, 1),
('year', 'http://www.123greetings.com/rss/daily_rss.xml', 11, 4),
('year', 'http://www.123greetings.com/rss/newsletterrss.xml', 2, 1),
('year', 'http://www.w3.org/', 1, 2),
('yeh', 'http://localhost/test1/index.html', 1, 2),
('yell', 'http://www.123greetings.com/rss/newsletterrss.xml', 2, 1),
('young', 'http://search.yahoo.com/mrss/', 1, 2),
('young', 'https://www.paknokri.com', 2, 1),
('your', 'http://localhost/test4/contentms.htm', 2, 1),
('zaeb', 'http://localhost/test4/contentms.htm', 1, 2),
('zendesk', 'https://www.iqra.edu.pk', 2, 1);

-- --------------------------------------------------------

--
-- Table structure for table `web_users`
--

CREATE TABLE IF NOT EXISTS `web_users` (
  `userID` varchar(50) NOT NULL,
  `userName` varchar(50) DEFAULT NULL,
  `userPassword` varchar(50) NOT NULL,
  `userEmail` varchar(50) NOT NULL,
  PRIMARY KEY (`userID`)
) ENGINE=InnoDB DEFAULT CHARSET=latin1;

--
-- Dumping data for table `web_users`
--

INSERT INTO `web_users` (`userID`, `userName`, `userPassword`, `userEmail`) VALUES
('abdullah', 'Abdullah Rather', '123', 'pakarmy2k@gmail.com'),
('admin', 'Administrator', 'admin', 'admin@riphah.edu.pk'),
('arafat', 'Yasser ARafat', 'arafat', 'yawar@alilogics.com'),
('yasser', 'Sir Yasser Arafat', 'yasser', 'yawar @.com.com'),
('yawar', 'Mr. Syed Yawar Abbas', 'yawar', 'yawar@alilogics.com');

-- --------------------------------------------------------

--
-- Table structure for table `webpages`
--

CREATE TABLE IF NOT EXISTS `webpages` (
  `webURL` varchar(200) NOT NULL,
  `webTitle` varchar(200) DEFAULT NULL,
  `webURLFreq` int(11) NOT NULL,
  `Date_Of_Crawling` date DEFAULT NULL,
  `meta_content` text,
  PRIMARY KEY (`webURL`)
) ENGINE=InnoDB DEFAULT CHARSET=latin1;

--
-- Dumping data for table `webpages`
--

INSERT INTO `webpages` (`webURL`, `webTitle`, `webURLFreq`, `Date_Of_Crawling`, `meta_content`) VALUES
('http://iqra.edu.pk/main/popup5.html', '301 MOVED PERMANENTLY', 1, '2021-06-05', ''),
('http://localhost/school/', 'HTTP://LOCALHOST/SCHOOL/', 1, '2021-04-02', ''),
('http://localhost/test1/index.html', 'XCITE.UK.TP SONGS SOFTWARES WALLPAPERS COOLSTUFF', 1, '2008-05-14', 'manag, music, manag, classic, book'),
('http://localhost/test2/index.htm', 'PROPHET MUHAMMAD', 1, '2008-11-02', ''),
('http://localhost/test3/clustering.htm', 'CLUSTERING - INTRODUCTION', 1, '2008-09-03', ''),
('http://localhost/test4/contentms.htm', 'FRESHMEAT.NET: PROJECT DETAILS FOR PHP CONTENT MANAGEMENT SYSTEM', 1, '2008-09-12', ''),
('http://ogp.me/ns', '301 MOVED PERMANENTLY', 1, '2021-06-05', ''),
('http://ogp.me/ns/fb', '301 MOVED PERMANENTLY', 1, '2021-06-05', ''),
('http://qualven.com/wp-content/plugins/contact-form-7/includes/css/styles.css?ver=5.0.2', 'HTTP://QUALVEN.COM/WP-CONTENT/PLUGINS/CONTACT-FORM-7/INCLUDES/CSS/STYLES.CSS?VER=5.0.2', 1, '2021-06-04', ''),
('http://qualven.com/wp-content/plugins/contact-form-7/includes/js/scripts.js?ver=5.0.2', 'HTTP://QUALVEN.COM/WP-CONTENT/PLUGINS/CONTACT-FORM-7/INCLUDES/JS/SCRIPTS.JS?VER=5.0.2', 1, '2021-06-04', ''),
('http://qualven.com/wp-content/plugins/js_composer/assets/css/js_composer.min.css?ver=5.1.1', 'HTTP://QUALVEN.COM/WP-CONTENT/PLUGINS/JS_COMPOSER/ASSETS/CSS/JS_COMPOSER.MIN.CSS?VER=5.1.1', 1, '2021-06-04', ''),
('http://qualven.com/wp-content/plugins/js_composer/assets/css/vc_lte_ie9.min.css', 'HTTP://QUALVEN.COM/WP-CONTENT/PLUGINS/JS_COMPOSER/ASSETS/CSS/VC_LTE_IE9.MIN.CSS', 1, '2021-06-04', ''),
('http://qualven.com/wp-content/plugins/revslider/public/assets/css/settings.css?ver=5.4.3.1', 'HTTP://QUALVEN.COM/WP-CONTENT/PLUGINS/REVSLIDER/PUBLIC/ASSETS/CSS/SETTINGS.CSS?VER=5.4.3.1', 1, '2021-06-04', ''),
('http://qualven.com/wp-content/plugins/revslider/public/assets/js/jquery.themepunch.revolution.min.js?ver=5.4.3.1', 'HTTP://QUALVEN.COM/WP-CONTENT/PLUGINS/REVSLIDER/PUBLIC/ASSETS/JS/JQUERY.THEMEPUNCH.REVOLUTION.MIN.JS?VER=5.4.3.1', 1, '2021-06-04', ''),
('http://qualven.com/wp-content/themes/startit/assets/css/blog-responsive.min.css?ver=4.8.17', 'HTTP://QUALVEN.COM/WP-CONTENT/THEMES/STARTIT/ASSETS/CSS/BLOG-RESPONSIVE.MIN.CSS?VER=4.8.17', 1, '2021-06-04', ''),
('http://qualven.com/wp-content/themes/startit/assets/css/dripicons/dripicons.css?ver=4.8.17', 'HTTP://QUALVEN.COM/WP-CONTENT/THEMES/STARTIT/ASSETS/CSS/DRIPICONS/DRIPICONS.CSS?VER=4.8.17', 1, '2021-06-04', ''),
('http://qualven.com/wp-content/themes/startit/assets/css/font-awesome/css/font-awesome.min.css?ver=4.8.17', 'HTTP://QUALVEN.COM/WP-CONTENT/THEMES/STARTIT/ASSETS/CSS/FONT-AWESOME/CSS/FONT-AWESOME.MIN.CSS?VER=4.8.17', 1, '2021-06-04', ''),
('http://qualven.com/wp-content/themes/startit/assets/css/linea-icons/style.css?ver=4.8.17', 'HTTP://QUALVEN.COM/WP-CONTENT/THEMES/STARTIT/ASSETS/CSS/LINEA-ICONS/STYLE.CSS?VER=4.8.17', 1, '2021-06-04', ''),
('http://qualven.com/wp-content/themes/startit/assets/css/modules-responsive.min.css?ver=4.8.17', 'HTTP://QUALVEN.COM/WP-CONTENT/THEMES/STARTIT/ASSETS/CSS/MODULES-RESPONSIVE.MIN.CSS?VER=4.8.17', 1, '2021-06-04', ''),
('http://qualven.com/wp-content/themes/startit/assets/css/modules.min.css?ver=4.8.17', 'HTTP://QUALVEN.COM/WP-CONTENT/THEMES/STARTIT/ASSETS/CSS/MODULES.MIN.CSS?VER=4.8.17', 1, '2021-06-04', ''),
('http://qualven.com/wp-content/themes/startit/assets/css/plugins.min.css?ver=4.8.17', 'HTTP://QUALVEN.COM/WP-CONTENT/THEMES/STARTIT/ASSETS/CSS/PLUGINS.MIN.CSS?VER=4.8.17', 1, '2021-06-04', ''),
('http://qualven.com/wp-content/themes/startit/assets/css/simple-line-icons/simple-line-icons.css?ver=4.8.17', 'HTTP://QUALVEN.COM/WP-CONTENT/THEMES/STARTIT/ASSETS/CSS/SIMPLE-LINE-ICONS/SIMPLE-LINE-ICONS.CSS?VER=4.8.17', 1, '2021-06-04', ''),
('http://qualven.com/wp-content/themes/startit/assets/css/style_dynamic_responsive.css?ver=1530514059', 'HTTP://QUALVEN.COM/WP-CONTENT/THEMES/STARTIT/ASSETS/CSS/STYLE_DYNAMIC_RESPONSIVE.CSS?VER=1530514059', 1, '2021-06-04', ''),
('http://qualven.com/wp-content/themes/startit/assets/js/scrolltoplugin.min.js?ver=4.8.17', 'HTTP://QUALVEN.COM/WP-CONTENT/THEMES/STARTIT/ASSETS/JS/SCROLLTOPLUGIN.MIN.JS?VER=4.8.17', 1, '2021-06-04', ''),
('http://qualven.com/wp-content/uploads/2015/10/graphic-2-home-main.png', 'HTTP://QUALVEN.COM/WP-CONTENT/UPLOADS/2015/10/GRAPHIC-2-HOME-MAIN.PNG', 1, '2021-06-04', ''),
('http://qualven.com/wp-content/uploads/2016/07/testimonials-8.png', 'HTTP://QUALVEN.COM/WP-CONTENT/UPLOADS/2016/07/TESTIMONIALS-8.PNG', 1, '2021-06-04', ''),
('http://qualven.com/wp-content/uploads/2016/07/testimonials-9.png', 'HTTP://QUALVEN.COM/WP-CONTENT/UPLOADS/2016/07/TESTIMONIALS-9.PNG', 1, '2021-06-04', ''),
('http://qualven.com/wp-includes/js/jquery/jquery-migrate.min.js?ver=1.4.1', 'HTTP://QUALVEN.COM/WP-INCLUDES/JS/JQUERY/JQUERY-MIGRATE.MIN.JS?VER=1.4.1', 1, '2021-06-04', ''),
('http://qualven.com/wp-includes/js/jquery/ui/accordion.min.js?ver=1.11.4', 'HTTP://QUALVEN.COM/WP-INCLUDES/JS/JQUERY/UI/ACCORDION.MIN.JS?VER=1.11.4', 1, '2021-06-04', ''),
('http://qualven.com/wp-includes/js/jquery/ui/core.min.js?ver=1.11.4', 'HTTP://QUALVEN.COM/WP-INCLUDES/JS/JQUERY/UI/CORE.MIN.JS?VER=1.11.4', 1, '2021-06-04', ''),
('http://qualven.com/wp-includes/js/jquery/ui/mouse.min.js?ver=1.11.4', 'HTTP://QUALVEN.COM/WP-INCLUDES/JS/JQUERY/UI/MOUSE.MIN.JS?VER=1.11.4', 1, '2021-06-04', ''),
('http://qualven.com/wp-includes/js/jquery/ui/tabs.min.js?ver=1.11.4', 'HTTP://QUALVEN.COM/WP-INCLUDES/JS/JQUERY/UI/TABS.MIN.JS?VER=1.11.4', 1, '2021-06-04', ''),
('http://qualven.com/wp-includes/js/jquery/ui/widget.min.js?ver=1.11.4', 'HTTP://QUALVEN.COM/WP-INCLUDES/JS/JQUERY/UI/WIDGET.MIN.JS?VER=1.11.4', 1, '2021-06-04', ''),
('http://qualven.com/wp-includes/js/mediaelement/mediaelement-and-player.min.js?ver=2.22.0', 'HTTP://QUALVEN.COM/WP-INCLUDES/JS/MEDIAELEMENT/MEDIAELEMENT-AND-PLAYER.MIN.JS?VER=2.22.0', 1, '2021-06-04', ''),
('http://search.yahoo.com/mrss/', 'YAHOO! SEARCH', 1, '2008-05-14', ''),
('http://sec.yimg.com/us.yimg.com/lib/s/ysch_adv_041201.css', 'HTTP://SEC.YIMG.COM/US.YIMG.COM/LIB/S/YSCH_ADV_041201.CSS', 1, '2008-05-14', ''),
('http://sec.yimg.com/us.yimg.com/lib/s/ysch_gl_070104.css', 'HTTP://SEC.YIMG.COM/US.YIMG.COM/LIB/S/YSCH_GL_070104.CSS', 1, '2008-05-14', ''),
('http://www.123greetings.com/rss/daily_rss.xml', 'FREE AND ONLINE ECARDS AND CARDS FROM 123GREETINGS.COM', 1, '2008-05-14', ''),
('http://www.123greetings.com/rss/newsletterrss.xml', '123GREETINGS : NEWSLETTER', 1, '2008-05-14', ''),
('http://www.123greetings.com/rss/new_rss.xml', 'FREE ECARDS AND ANIMATED GREETING CARDS FROM 123GREETINGS.COM', 1, '2008-05-14', ''),
('http://www.123greetings.com/stay_in_touch/', 'STAY IN TOUCH GREETING CARDS, FREE STAY IN TOUCH ECARDS, STAY IN TOUCH CARDS FROM 123GREETINGS.COM', 1, '2008-05-14', ''),
('http://www.iqra.edu.pk/main/add/index.html', '301 MOVED PERMANENTLY', 1, '2021-06-05', ''),
('http://www.iqra.edu.pk/main/add/index2.html', '301 MOVED PERMANENTLY', 1, '2021-06-05', ''),
('http://www.iqra.edu.pk/main/fb/index2.html', '301 MOVED PERMANENTLY', 1, '2021-06-05', ''),
('http://www.iqra.edu.pk/main/orientation/intro_video.html', '301 MOVED PERMANENTLY', 1, '2021-06-05', ''),
('http://www.iqra.edu.pk/main/orientation/ramadantiming.html', '301 MOVED PERMANENTLY', 1, '2021-06-05', ''),
('http://www.iqra.edu.pk/main/test_results/notice.html', '301 MOVED PERMANENTLY', 1, '2021-06-05', ''),
('http://www.qualven.com', 'QUALVEN | INSPIRED WITH INNOVATION &#8211; DIGITAL WORLD ', 1, '2021-06-04', ''),
('http://www.w3.org/', 'WORLD WIDE WEB CONSORTIUM (W3C)', 1, '2021-06-04', ''),
('http://www.w3.org/1999/xhtml', '301 MOVED PERMANENTLY', 1, '2021-06-04', ''),
('http://www.w3.org/2000/svg', 'SVG NAMESPACE', 1, '2021-06-04', ''),
('http://www.w3.org/stylesheets/tr/base', '301 MOVED PERMANENTLY', 1, '2021-06-04', ''),
('https://www.iqra.edu.pk', 'IQRA UNIVERSITY &#8211; WHERE YOUR FUTURE BEGINS!', 1, '2021-06-05', ''),
('https://www.paknokri.com', 'PAK NOKRI', 1, '2021-06-04', ''),
('https://www.w3schools.com/html/default.asp', 'HTML TUTORIAL', 1, '2021-06-04', '');
